Term	Overlap	P.value	Adjusted.P.value	Odds.Ratio	Combined.Score	Genes	Rank	Database
Phagosome	67/152	2.69262562422358e-15	8.45484446006203e-13	3.95695552106193	132.748971081287	ATP6V1E1;DYNC1LI1;ATP6V0D1;STX18;STX12;ACTB;TUBB6;STX7;HLA-DOB;RILP;HLA-DOA;MSR1;ATP6V0C;ATP6V0B;HLA-DRB5;ATP6AP1;M6PR;CYBB;CYBA;RAB5A;VAMP3;ATP6V1B2;HLA-DRB1;ATP6V1A;NCF2;ACTG1;C3;ATP6V1F;CD14;ATP6V1C1;ATP6V0A1;ATP6V1H;ITGA5;SFTPD;TLR2;FCGR2A;FCGR2B;HLA-DQB1;HLA-DRA;CALR;TLR6;RAB7A;RAB7B;RAB5C;CTSS;CLEC7A;SEC61B;HLA-DQA2;HLA-DQA1;ATP6V0E1;CANX;HLA-DPB1;ITGB2;ITGB5;ITGAM;EEA1;HLA-DMB;FCGR1A;TUBA1B;MRC1;MRC2;HLA-DPA1;RAC1;ITGAV;HLA-DMA;OLR1;SCARB1	1	KEGG_2021_Human
Tuberculosis	70/180	1.18056544795957e-12	1.85348775329653e-10	3.1926367500138	87.6858564528425	CD74;TGFB2;IL23A;ATP6V0D1;NOD2;TNF;HLA-DOB;HLA-DOA;ATP6V0C;ATP6V0B;HLA-DRB5;ATP6AP1;NFKB1;MYD88;RAB5A;HLA-DRB1;C3;CD14;ATP6V0A1;ATP6V1H;RHOA;VDR;IL10;APAF1;CARD9;IL10RB;SPHK1;IL18;TNFRSF1A;IL1A;TLR2;IL1B;TLR1;FCGR2A;FCGR2B;HLA-DQB1;HLA-DRA;TLR6;RAB7A;RAB5C;CTSS;CASP9;CLEC7A;IRAK2;RIPK2;FCER1G;CIITA;HLA-DQA2;HLA-DQA1;IFNGR1;IFNGR2;SYK;HLA-DPB1;ITGB2;CEBPB;SRC;LSP1;HSPD1;ITGAM;EEA1;MALT1;HLA-DMB;FCGR1A;MRC1;MRC2;HLA-DPA1;ITGAX;BID;HLA-DMA;JAK2	2	KEGG_2021_Human
Rheumatoid arthritis	45/93	1.77937285339637e-12	1.86241025322153e-10	4.68552274781561	126.765694087939	ATP6V1E1;TGFB2;IL15;IL18;VEGFA;IL1A;TLR2;IL1B;IL23A;HLA-DQB1;HLA-DRA;CXCL8;CD86;ATP6V0D1;CCL3L1;TNFRSF11A;CD80;CXCL2;TNF;HLA-DOB;HLA-DQA2;HLA-DOA;HLA-DQA1;ATP6V0C;ATP6V0E1;ATP6V0B;HLA-DRB5;ATP6AP1;TNFSF13;LTB;HLA-DPB1;ATP6V1B2;HLA-DRB1;ITGB2;ATP6V1A;FLT1;ICAM1;TNFSF13B;HLA-DMB;HLA-DPA1;ATP6V1F;ATP6V1C1;HLA-DMA;ATP6V0A1;ATP6V1H	3	KEGG_2021_Human
Lysosome	52/128	1.39128722867421e-10	1.09216047450925e-08	3.42105263157895	77.6429158205179	AP1B1;CTNS;GLA;CD68;ATP6V0D1;LAPTM4A;LAMP3;ARSB;ATP6V0C;ATP6V0B;MANBA;NAPSA;ATP6AP1;M6PR;LGMN;PPT1;TPP1;NAGPA;AP1S3;AP1S2;ATP6V0A1;ATP6V1H;CTSB;HGSNAT;FUCA2;SUMF1;NPC2;GNPTG;MAN2B1;CTSZ;CLTB;CLTA;LITAF;CTSS;CTSO;PSAP;CTSH;SORT1;GAA;NAGA;AP3D1;MCOLN1;GLB1;PLA2G15;CD63;HEXA;HEXB;CLN5;GM2A;HYAL2;HYAL3;GUSB	4	KEGG_2021_Human
Leishmaniasis	35/77	4.19376584347592e-09	2.63368494970288e-07	4.15390007009112	80.1273480122613	IL10;TGFB2;IL1A;TLR2;IL1B;NFKBIA;FCGR2A;HLA-DQB1;HLA-DRA;PTPN6;TNF;HLA-DOB;HLA-DQA2;HLA-DOA;HLA-DQA1;MARCKSL1;HLA-DRB5;IFNGR1;IFNGR2;CYBB;CYBA;NFKB1;MYD88;HLA-DPB1;HLA-DRB1;ITGB2;NCF2;ITGAM;C3;PTGS2;HLA-DMB;FCGR1A;HLA-DPA1;HLA-DMA;JAK2	5	KEGG_2021_Human
Osteoclast differentiation	48/127	1.16969674658746e-08	6.12141297380768e-07	3.03376036401948	55.4084057942735	TGFB2;IL1R1;MITF;TYROBP;OSCAR;TEC;SQSTM1;TNF;MAP2K1;CYBA;NFKB1;FOSL2;FOSL1;BTK;GRB2;MAP3K14;CSF1R;SPI1;NCF2;SIRPA;GAB2;LILRB1;LILRB2;LILRB3;LILRB4;TYK2;TGFBR1;TNFRSF1A;IL1A;IL1B;NFKBIA;FCGR2A;FCGR2B;PIK3CB;LCP2;TNFRSF11A;SOCS3;IFNGR1;IFNGR2;SYK;FOSB;LILRA1;LILRA2;LILRA4;LILRA5;LILRA6;FCGR1A;RAC1	6	KEGG_2021_Human
Bacterial invasion of epithelial cells	31/77	8.88653520888609e-07	3.98624579370033e-05	3.35440065745705	46.7387375169947	ACTR3;RHOA;ACTR2;ITGA5;GAB1;RHOG;PIK3CB;ELMO1;DOCK1;ILK;ARPC1B;CLTB;CLTA;ACTB;CDH1;ARPC5;CDC42;PTK2;ARHGAP10;ARPC3;ARPC4;ARPC2;HCLS1;CRK;VCL;SRC;CTNNB1;ACTG1;CBL;CTNNA1;RAC1	7	KEGG_2021_Human
Toxoplasmosis	40/112	1.0537972317602e-06	4.1361541346588e-05	2.76841823773232	38.1020461329754	TGFB2;HSPA1A;PPIF;TNF;ALOX5;HLA-DOB;HLA-DOA;HLA-DRB5;MAP2K3;NFKB1;MYD88;HLA-DRB1;IL10;HSPA6;LAMB3;IL10RB;TYK2;TNFRSF1A;TLR2;NFKBIA;GNAO1;HLA-DQB1;HLA-DRA;CD40;PIK3R5;LY96;PIK3R6;CASP9;CIITA;HLA-DQA2;HLA-DQA1;IFNGR1;IFNGR2;HLA-DPB1;GNAI1;GNAI2;HLA-DMB;HLA-DPA1;HLA-DMA;JAK2	8	KEGG_2021_Human
Vibrio cholerae infection	23/50	1.45086781527996e-06	4.57937160236114e-05	4.23478222310907	56.9296540398694	ATP6V1E1;ATP6V0D1;KDELR1;KDELR2;ADCY9;ACTB;SEC61B;ATP6V0C;ATP6V0E1;ATP6V0B;ATP6AP1;PRKCA;TJP2;TJP1;KCNQ1;ATP6V1B2;ATP6V1A;ACTG1;ATP6V1F;ATP6V1C1;ATP6V0A1;ATP6V1H;PRKACA	9	KEGG_2021_Human
Legionellosis	25/57	1.53688451150833e-06	4.57937160236114e-05	3.88495807127883	52.0030900709744	HSPA6;APAF1;IL18;TLR2;IL1B;NFKBIA;EEF1G;HSPA1A;NAIP;TLR5;CXCL8;CXCL2;NLRC4;TNF;BCL2L13;PYCARD;CASP9;CASP1;NFKB1;MYD88;ITGB2;HSPD1;ITGAM;C3;CD14	10	KEGG_2021_Human
Asthma	17/31	1.60423845942588e-06	4.57937160236114e-05	6.03043237013957	80.4632232612185	HLA-DRB5;IL10;HLA-DQB1;HLA-DRA;HLA-DPB1;HLA-DRB1;CD40;TNF;HLA-DMB;HLA-DPA1;FCER1A;FCER1G;HLA-DOB;HLA-DMA;HLA-DQA2;HLA-DOA;HLA-DQA1	11	KEGG_2021_Human
Intestinal immune network for IgA production	22/48	2.64024050620815e-06	6.90862932457798e-05	4.20545044422962	54.0174992822353	HLA-DRB5;IL10;IL15;TNFSF13;LTBR;HLA-DQB1;HLA-DRA;HLA-DPB1;MAP3K14;HLA-DRB1;CD86;CD40;CD80;TNFSF13B;HLA-DMB;HLA-DPA1;HLA-DOB;HLA-DMA;HLA-DQA2;HLA-DOA;HLA-DQA1;ICOSLG	12	KEGG_2021_Human
Yersinia infection	45/137	3.26078298988537e-06	7.87604506787697e-05	2.43813615939846	30.8022985227894	CD4;ELMO1;SKAP2;TNF;ACTB;PYCARD;NLRP3;MAP2K3;MAP2K1;ARPC5;NFKB1;PTK2;MYD88;ARPC3;ARPC4;ARPC2;GNAQ;ACTG1;PIP5K1C;ACTR3;RHOA;ACTR2;IL10;ITGA5;IL18;RHOG;BAIAP2;IL1B;NFKBIA;FCGR2A;PIK3CB;LCP2;DOCK1;CXCL8;MEFV;ARPC1B;NLRC4;CASP1;CDC42;CRK;ARF6;SRC;RPS6KA1;RPS6KA2;RAC1	13	KEGG_2021_Human
Fc gamma R-mediated phagocytosis	35/97	3.7191002399366e-06	8.34141053814352e-05	2.81054079981395	35.1374619945174	GSN;ASAP2;PAK1;ASAP1;CFL1;PRKCD;MAP2K1;PLA2G4C;PLA2G4A;ARPC5;PRKCA;VASP;ARPC3;ARPC4;ARPC2;PIP5K1C;ACTR3;LYN;ACTR2;SPHK1;GAB2;FCGR2A;FCGR2B;PIK3CB;DOCK1;ARPC1B;PLD2;MARCKSL1;SYK;HCK;CDC42;CRK;ARF6;FCGR1A;RAC1	14	KEGG_2021_Human
Viral myocarditis	25/60	4.77821103773778e-06	9.59816363952737e-05	3.55131989902879	43.5087980814615	HLA-DQB1;HLA-DRA;CD86;CD40;CD80;ACTB;CASP9;CCND1;HLA-DOB;HLA-DQA2;HLA-DOA;HLA-DQA1;CXADR;HLA-DRB5;HLA-DPB1;HLA-DRB1;ITGB2;ACTG1;ICAM1;HLA-DMB;ABL2;HLA-DPA1;RAC1;BID;HLA-DMA	15	KEGG_2021_Human
Amoebiasis	36/102	4.89078402014133e-06	9.59816363952737e-05	2.71579982517482	33.2092291848314	TGFB2;IL1R1;IL1R2;ACTN1;TNF;PRKCA;NFKB1;PTK2;GNAQ;RAB5A;VCL;CD1E;CD1D;CD1C;CD1B;CD1A;CD14;PRKACA;IL10;LAMB3;TLR2;IL1B;PIK3CB;RAB7A;RAB7B;CXCL8;RAB5C;CXCL2;HSPB1;SERPINB9;SERPINB6;PLCB2;PLCB3;ITGB2;ITGAM;GNA15	16	KEGG_2021_Human
Hematopoietic cell lineage	35/99	6.30789281443226e-06	0.000116510490807749	2.72238284770201	32.5970196810467	IL1R1;IL1R2;CD4;TNF;HLA-DOB;HLA-DOA;HLA-DRB5;HLA-DRB1;IL7R;CSF1R;CD1E;CD1D;CSF2RA;CD1C;CD1B;CD1A;CD14;IL6R;ITGA5;IL1A;IL1B;IL3RA;HLA-DQB1;HLA-DRA;HLA-DQA2;CD33;HLA-DQA1;HLA-DPB1;FLT3;ITGAM;HLA-DMB;FCGR1A;HLA-DPA1;CD59;HLA-DMA	17	KEGG_2021_Human
Inflammatory bowel disease	26/65	7.62311984404518e-06	0.000132981090612788	3.3147593369283	39.0622008050714	IL10;TGFB2;IL18;IL1A;TLR2;IL1B;IL23A;HLA-DQB1;HLA-DRA;TLR5;NOD2;TNF;STAT6;HLA-DOB;HLA-DQA2;HLA-DOA;HLA-DQA1;HLA-DRB5;IFNGR1;IFNGR2;NFKB1;HLA-DPB1;HLA-DRB1;HLA-DMB;HLA-DPA1;HLA-DMA	18	KEGG_2021_Human
Salmonella infection	69/249	1.02894830959399e-05	0.000170047246953954	1.91445624683864	21.9863588129523	DYNC1LI1;MYL5;MYL9;NAIP;PFN1;CYFIP1;AHNAK;RALA;ACTB;RILP;S100A10;MYLPF;TXN;CD14;RHOA;ANXA2;IL18;RHOG;TLR2;IL1B;PLEKHM2;TLR6;TLR5;RAB7A;RAB7B;RAB5C;ARPC1B;RRAS;RIPK2;ARF6;FHOD1;CTNNB1;TUBA1B;RAC1;ELMO1;ARL8A;ARL8B;TNF;PYCARD;PAK1;TUBB6;NLRP3;MAP2K3;MAP2K1;M6PR;ARPC5;TNFRSF10B;NFKB1;MYD88;ARPC3;ARPC4;ARPC2;RAB5A;TXN2;ACTG1;ACTR3;ACTR2;TNFRSF1A;NFKBIA;PIK3CB;CXCL8;BRK1;LY96;NLRC4;CASP1;CDC42;VPS41;GAPDH;PIK3C2A	19	KEGG_2021_Human
Epithelial cell signaling in Helicobacter pylori infection	27/70	1.14226212413851e-05	0.000179335153489746	3.12222369347206	35.5306397721956	LYN;ATP6V1E1;NFKBIA;CXCL8;ATP6V0D1;CXCL2;PAK1;ATP6V0C;ATP6V0E1;ATP6V0B;ATP6AP1;NFKB1;CDC42;TJP1;ADAM17;HBEGF;MAP3K14;ATP6V1B2;ATP6V1A;SRC;F11R;CXCR2;RAC1;ATP6V1F;ATP6V1C1;ATP6V0A1;ATP6V1H	20	KEGG_2021_Human
Shigellosis	68/246	1.2988435121735e-05	0.000194208029915467	1.90756245227446	21.4628458474061	IL1R1;ACTN1;MYL5;RRAGD;RRAGC;PLCD1;MYL9;TLN2;NAIP;PFN1;FNBP1L;ACTB;CAPNS1;GABARAPL2;PRKCD;PTK2;MYLPF;GABARAP;C3;CD14;RHOA;IL18;IL1B;ARHGEF2;TLR5;ARPC1B;RIPK2;HCLS1;PLCB2;PLCB3;ARF6;RAC1;ELMO1;SQSTM1;UBE2D4;UBE2D1;TNF;FOXO3;PYCARD;NLRP3;ARPC5;NFKB1;MYD88;ARPC3;ARPC4;ARPC2;VCL;ACTG1;ACTR3;ACTR2;ITGA5;TNFRSF1A;NFKBIA;PIK3CB;AKT1S1;DOCK1;CXCL8;ILK;ITPR2;NLRC4;HK2;CASP1;CDC42;CRK;VDAC1;UBA52;SRC;MALT1	21	KEGG_2021_Human
Pertussis	28/76	2.16520141030169e-05	0.000309033292197605	2.9005795363709	31.1534194847106	RHOA;IL10;ITGA5;TICAM2;IL1A;IL1B;IL23A;IRF8;CXCL8;LY96;TNF;PYCARD;CFL1;NLRP3;CASP1;NFKB1;MYD88;SERPING1;C1QC;ITGB2;C1QB;C1QA;ITGAM;GNAI1;GNAI2;C3;C5;CD14	22	KEGG_2021_Human
Allograft rejection	17/38	5.28992896325807e-05	0.000722190301940449	4.0185951882994	39.5715916533939	HLA-DRB5;IL10;HLA-DQB1;HLA-DRA;HLA-DPB1;HLA-DRB1;CD86;CD40;CD80;TNF;HLA-DMB;HLA-DPA1;HLA-DOB;HLA-DMA;HLA-DQA2;HLA-DOA;HLA-DQA1	23	KEGG_2021_Human
Chemokine signaling pathway	54/192	5.81338455176426e-05	0.000760584478855824	1.95037435964797	19.021537963884	CXCL10;CXCL11;ELMO1;ADCY4;ADCY9;FOXO3;ADCY7;CXCL16;PAK1;GNG5;PRKCD;MAP2K1;NFKB1;PTK2;GNB1;GNAQ;GNB2;GNB4;GRB2;GNG10;PRKACA;CCR2;LYN;RHOA;CCL22;NFKBIA;PIK3CB;CXCL8;CCL3L1;CXCL9;PIK3R5;CXCL2;PIK3R6;GNGT2;RAP1A;GRK3;CCR7;HCK;CDC42;FGR;CRK;PLCB2;PLCB3;SRC;CX3CR1;ARRB2;GNAI1;GNAI2;CXCR2;ARRB1;RAC1;CCL19;CCL17;JAK2	24	KEGG_2021_Human
Type I diabetes mellitus	18/43	9.34874611620647e-05	0.00117420251219553	3.57439330543933	33.1620888483201	HLA-DRB5;IL1A;IL1B;HLA-DQB1;HLA-DRA;HLA-DPB1;HLA-DRB1;CD86;CD80;TNF;HSPD1;HLA-DMB;HLA-DPA1;HLA-DOB;HLA-DMA;HLA-DQA2;HLA-DOA;HLA-DQA1	25	KEGG_2021_Human
Platelet activation	38/124	0.000100626575427745	0.00121525941093507	2.19867429274637	20.2368052306324	GUCY1A1;TLN2;ADCY4;ADCY9;ADCY7;ACTB;PLA2G4C;PLA2G4A;VASP;VAMP8;TBXAS1;GNAQ;BTK;GUCY1B1;ACTG1;PRKACA;LYN;RHOA;FCGR2A;PIK3CB;LCP2;SNAP23;ITPR2;PIK3R5;PIK3R6;RAP1A;P2RY1;FCER1G;P2RY12;PTGIR;SYK;PLCB2;PLCB3;SRC;GNAI1;GNAI2;PTGS1;GNA13	26	KEGG_2021_Human
Rap1 signaling pathway	57/210	0.000107586062339108	0.00125118605831408	1.85688705479168	16.9667845149646	EPHA2;TLN2;PFN1;RALB;RALA;ADCY4;ADCY9;ADCY7;ACTB;INSR;PRKCA;VASP;PDGFC;LPAR3;PDGFB;LPAR5;LPAR1;RASSF5;RHOA;VEGFA;MRAS;RAPGEF1;RAPGEF4;FPR1;RAP1A;RRAS;FARP2;PLCB2;PLCB3;CTNNB1;SIPA1L3;GNAI1;GNAI2;SIPA1L1;SIPA1L2;RAC1;CTNND1;CDH1;MAP2K3;MAP2K1;GNAQ;CSF1R;DOCK4;ACTG1;RASGRP3;AFDN;ADORA2B;PIK3CB;GNAO1;LCP2;P2RY1;CDC42;CRK;ITGB2;FLT1;SRC;ITGAM	27	KEGG_2021_Human
Influenza A	48/172	0.000178129878556096	0.00199759935237907	1.92754581890346	16.6404984649746	CXCL10;TNF;ACTB;PYCARD;NLRP3;HLA-DOB;HLA-DOA;HLA-DRB5;MAP2K1;TNFRSF10B;PRKCA;NFKB1;MYD88;HLA-DRB1;ACTG1;ICAM1;APAF1;IL18;TYK2;TNFRSF1A;IL1A;DNAJC3;IL1B;NFKBIA;PIK3CB;HLA-DQB1;HLA-DRA;TLR7;TLR3;CXCL8;SOCS3;CASP9;CASP1;CIITA;HLA-DQA2;HLA-DQA1;IFNGR1;IFNGR2;HLA-DPB1;VDAC1;SLC25A6;SLC25A5;NXT2;HLA-DMB;HLA-DPA1;BID;HLA-DMA;JAK2	28	KEGG_2021_Human
Graft-versus-host disease	17/42	0.000237713886648803	0.00257386760026635	3.37480729011055	28.1608862732103	HLA-DRB5;IL1A;IL1B;HLA-DQB1;HLA-DRA;HLA-DPB1;HLA-DRB1;CD86;CD80;TNF;HLA-DMB;HLA-DPA1;HLA-DOB;HLA-DMA;HLA-DQA2;HLA-DOA;HLA-DQA1	29	KEGG_2021_Human
Phospholipase D signaling pathway	42/148	0.000296726617443487	0.00301816152464542	1.97159019912987	16.0146343758075	LPAR6;RALB;RALA;ADCY4;ADCY9;ADCY7;INSR;MAP2K1;PLA2G4C;PLA2G4A;PRKCA;RHEB;GRB2;PDGFC;LPAR3;PDGFB;LPAR5;LPAR1;PIP5K1C;RHOA;SPHK1;GAB2;GAB1;MRAS;PIK3CB;RAPGEF4;CXCL8;PIK3R5;AGPAT1;PLD2;AGPAT3;PIK3R6;RRAS;FCER1A;FCER1G;SYK;PLCB2;PLCB3;ARF6;CXCR2;GNA12;GNA13	30	KEGG_2021_Human
Fluid shear stress and atherosclerosis	40/139	0.000297971360713401	0.00301816152464542	2.01011316534782	16.3191302283103	IL1R1;IL1R2;SQSTM1;TNF;ACTB;CYBA;NFKB1;PTK2;SDC2;TXN2;NCF2;ACTG1;MGST2;TXN;MGST3;PDGFB;ICAM1;NPPC;HMOX1;GSTM4;RHOA;GSTM2;MMP9;TNFRSF1A;VEGFA;IL1A;IL1B;PIK3CB;ARHGEF2;NFE2L2;MEF2A;MEF2C;GSTO1;SRC;CTNNB1;GSTP1;THBD;SUMO3;RAC1;ITGAV	31	KEGG_2021_Human
Adherens junction	24/71	0.000374403487152055	0.00367383421767954	2.53622117467193	20.0112327097525	PTPN1;RHOA;ACTN1;BAIAP2;TGFBR1;AFDN;PTPN6;CTNND1;ACTB;CDH1;FARP2;INSR;SORBS1;CDC42;TJP1;SNAI1;NECTIN4;NECTIN2;VCL;SRC;CTNNB1;ACTG1;CTNNA1;RAC1	32	KEGG_2021_Human
Leukocyte transendothelial migration	34/114	0.000399477611128986	0.00380108999680308	2.113003003003	16.5349940432066	ACTN1;MYL5;MYL9;CTNND1;CLDN1;ACTB;CYBB;CYBA;PRKCA;PTK2;VASP;MYLPF;VCL;NCF2;ACTG1;F11R;ICAM1;ARHGAP5;RASSF5;RHOA;MMP9;AFDN;PIK3CB;RAPGEF4;RAP1A;CDC42;CLDN7;ITGB2;CTNNB1;ITGAM;GNAI1;GNAI2;CTNNA1;RAC1	33	KEGG_2021_Human
Parathyroid hormone synthesis, secretion and action	32/106	0.000460625577680062	0.00425401268798645	2.14944356120827	16.5140137604066	ADCY4;ADCY9;ADCY7;RXRA;CREB3L4;MAP2K1;PRKCA;MAFB;NR4A2;GNAQ;CREB5;MMP25;PRKACA;RHOA;VDR;MMP14;ITPR2;PLD2;PDE4A;MEF2A;MEF2C;HBEGF;PLCB2;PLCB3;CDKN1A;ARRB2;GNAI1;GNAI2;AKAP13;ARRB1;GNA12;GNA13	34	KEGG_2021_Human
Th17 cell differentiation	32/107	0.000552688510246276	0.00495840549192374	2.120656262505	15.906440332694	IL1R1;RUNX1;CD4;IL23A;AHR;IL1RAP;RXRA;STAT6;HLA-DOB;HLA-DOA;HLA-DRB5;NFKB1;HLA-DRB1;IL6R;TYK2;TGFBR1;IL1B;NFKBIA;IRF4;HLA-DQB1;HLA-DRA;RARA;NFKBIE;HLA-DQA2;HLA-DQA1;IFNGR1;IFNGR2;HLA-DPB1;HLA-DMB;HLA-DPA1;HLA-DMA;JAK2	35	KEGG_2021_Human
Endocytosis	63/252	0.000576941622001381	0.00497063119670522	1.66080985559931	12.385937039247	ZFYVE16;HSPA1A;VPS29;RAB11FIP1;AP2S1;MVB12A;IQSEC2;VPS37C;ARFGAP3;EHD4;SPART;NEDD4L;PIP5K1C;RHOA;RAB7A;ARF4;ARF5;RAB5C;ARF3;ARPC1B;CLTB;CLTA;SNX3;ARF6;AP2A1;RAB22A;EEA1;CXCR2;RAB31;CAPZA2;CHMP4B;ASAP2;ASAP1;ARPC5;ARPC3;ARPC4;ARPC2;CHMP2B;CHMP2A;RAB5A;CHMP1B;SH3GL1;RAB4A;ACTR3;ACTR2;HSPA6;SMURF1;EPN1;TGFBR1;DAB2;AGAP3;PLD2;GRK3;CAPZB;CDC42;RAB10;SPG21;SRC;ARRB2;CBL;PSD3;ARRB1;VPS35	36	KEGG_2021_Human
Ferroptosis	16/41	0.000585711319356985	0.00497063119670522	3.17534050179211	23.6330544194329	ACSL3;GPX4;NCOA4;CYBB;GCLC;VDAC2;FTL;ALOX15;PCBP1;SLC40A1;SAT1;SLC7A11;SAT2;FTH1;HMOX1;ATG7	37	KEGG_2021_Human
Staphylococcus aureus infection	29/95	0.000681228770995037	0.00544098128486027	2.18313570487484	15.9185793204732	IL10;FCGR2A;FCGR2B;HLA-DQB1;HLA-DRA;C3AR1;FPR1;FPR3;HLA-DOB;HLA-DQA2;HLA-DOA;HLA-DQA1;HLA-DRB5;HLA-DPB1;HLA-DRB1;C1QC;ITGB2;C1QB;C1QA;CFI;PTAFR;ITGAM;ICAM1;C3;C5;HLA-DMB;FCGR1A;HLA-DPA1;HLA-DMA	38	KEGG_2021_Human
Antigen processing and presentation	25/78	0.000706354531842371	0.00544098128486027	2.34266840710415	16.9969806105995	CTSB;CD74;HSPA6;CD4;HLA-DQB1;HLA-DRA;HSPA1A;CALR;TNF;CTSS;HLA-DOB;CIITA;HLA-DQA2;HLA-DOA;HLA-DQA1;PDIA3;HLA-DRB5;CANX;LGMN;HLA-DPB1;HLA-DRB1;IFI30;HLA-DMB;HLA-DPA1;HLA-DMA	39	KEGG_2021_Human
C-type lectin receptor signaling pathway	31/104	0.000711536947996194	0.00544098128486027	2.11029185110292	15.2955709385305	IL23A;TNF;PYCARD;PAK1;NLRP3;EGR2;EGR3;PRKCD;NFKB1;CLEC6A;MAP3K14;RHOA;IL10;CCL22;CARD9;IL1B;NFKBIA;MRAS;PIK3CB;BCL3;ITPR2;CLEC7A;RRAS;CASP1;FCER1G;SYK;SRC;LSP1;MALT1;PTGS2;CCL17	40	KEGG_2021_Human
NF-kappa B signaling pathway	31/104	0.000711536947996194	0.00544098128486027	2.11029185110292	15.2955709385305	IL1R1;TICAM2;TNF;GADD45B;GADD45A;TRAF1;NFKB1;MYD88;BTK;MAP3K14;PLAU;ICAM1;CD14;LYN;CFLAR;TNFRSF1A;IL1B;NFKBIA;CXCL8;CD40;TNFRSF11A;BCL2A1;CXCL2;LY96;SYK;LTBR;LTB;TNFSF13B;MALT1;PTGS2;CCL19	40	KEGG_2021_Human
Human cytomegalovirus infection	57/225	0.00072777456676475	0.00544098128486027	1.68955462438982	12.2079094096733	IL1R1;RB1;ADCY4;ADCY9;ADCY7;CREB3L4;GNG5;PRKCA;PTK2;GRB2;GNG10;PRKACA;RHOA;IL10RB;VEGFA;IL1B;CALR;GNGT2;PLCB2;PLCB3;CDKN1A;CTNNB1;PTGER3;PTGER4;GNAI1;GNAI2;PTGS2;AKAP13;CXCR2;RAC1;BID;TNF;CCND1;PDIA3;MAP2K1;NFKB1;GNB1;RHEB;GNAQ;GNB2;GNB4;CREB5;EIF4EBP1;IL6R;TNFRSF1A;NFKBIA;PIK3CB;GNAO1;CXCL8;CCL3L1;ITPR2;CASP9;CRK;SRC;GNA12;GNA13;ITGAV	42	KEGG_2021_Human
Pathogenic Escherichia coli infection	51/197	0.000798659768323583	0.00570811740660514	1.73866751568127	12.4011773680413	IL1R1;NAIP;CYFIP1;CLDN1;ACTB;LPAR5;LPAR1;RHOA;IL18;IL1B;ARHGEF2;TLR5;ARPC1B;TJP1;HCLS1;ARF6;TUBA1B;RAC1;PTPN6;SEC24D;TNF;PYCARD;PAK1;TUBB6;NLRP3;ARPC5;TNFRSF10B;NFKB1;MYD88;ARPC3;ARPC4;ARPC2;ACTG1;ACTR3;ACTR2;BAIAP2;TNFRSF1A;NFKBIA;FCGR2A;CXCL8;BRK1;CASP9;CASP1;CDC42;CLDN7;MYO1E;MYO1D;GAPDH;SRC;GNA12;GNA13	43	KEGG_2021_Human
Tryptophan metabolism	16/42	0.000799863585638937	0.00570811740660514	3.05302821431854	21.7713559628528	AOC1;KMO;ALDH7A1;CAT;HADHA;IDO1;IDO2;DHTKD1;HAAO;EHHADH;ECHS1;IL4I1;ALDH1B1;ALDH2;AFMID;KYNU	44	KEGG_2021_Human
Chagas disease	30/102	0.00109217777965432	0.00756308529398231	2.07008598280344	14.1171203057153	TGFB2;SERPINE1;TNF;NFKB1;MYD88;GNAQ;C3;IL10;CFLAR;TGFBR1;TNFRSF1A;TLR2;IL1B;NFKBIA;PIK3CB;GNAO1;CALR;TLR6;CXCL8;CCL3L1;IFNGR1;IFNGR2;PLCB2;PLCB3;C1QC;C1QB;C1QA;GNAI1;GNAI2;GNA15	45	KEGG_2021_Human
Human T-cell leukemia virus 1 infection	55/219	0.00110796790930951	0.00756308529398231	1.66943074689133	11.3608562848381	IL1R1;IL1R2;CD4;TLN2;RB1;ADCY4;ADCY9;ADCY7;CREB3L4;CHEK2;EGR2;HLA-DRB5;FOSL1;HLA-DRB1;SPI1;ICAM1;PRKACA;IL15;HLA-DQB1;CALR;CD40;HLA-DQA2;HLA-DQA1;CANX;HLA-DPB1;CDKN1A;HLA-DMB;HLA-DPA1;TSPO;HLA-DMA;TGFB2;TNF;ZFP36;CCND1;HLA-DOB;HLA-DOA;MAP2K1;NFKB1;MAP3K14;MAD1L1;CREB5;ETS2;TGFBR1;TNFRSF1A;NFKBIA;PIK3CB;HLA-DRA;LTBR;VDAC2;VDAC1;SLC25A6;SLC25A5;ITGB2;VAC14;PTEN	46	KEGG_2021_Human
B cell receptor signaling pathway	25/81	0.00130039382485484	0.00868773746817916	2.21676721002867	14.7306134481687	LYN;CD72;LILRB1;LILRB2;LILRB3;LILRB4;NFKBIA;FCGR2B;PIK3CB;NFKBIE;PTPN6;MAP2K1;SYK;NFKB1;BTK;GRB2;LILRA1;LILRA2;RASGRP3;LILRA4;DAPP1;LILRA5;LILRA6;MALT1;RAC1	47	KEGG_2021_Human
mTOR signaling pathway	41/154	0.0013954543293062	0.00912859707087808	1.80411399231423	11.8612110061721	ATP6V1E1;WNT5A;RRAGD;RRAGC;TNF;FZD2;FZD1;INSR;FZD5;MAP2K1;FZD7;PRKCA;RHEB;GRB2;ATP6V1B2;ATP6V1A;EIF4EBP1;SESN2;ATP6V1F;ATP6V1C1;ATP6V1H;RHOA;SEC13;STRADB;TNFRSF1A;PIK3CB;AKT1S1;EIF4E2;SGK1;SEH1L;EIF4E;FNIP2;FNIP1;TBC1D7;LAMTOR1;LAMTOR3;LAMTOR2;PTEN;RPS6KA1;RPS6KA2;DEPTOR	48	KEGG_2021_Human
MAPK signaling pathway	69/294	0.00199547105523263	0.0127873043131234	1.52737683358624	9.49551106399691	IL1R1;CACNA2D4;CACNA2D3;EREG;HSPA1A;EPHA2;INSR;GADD45B;GADD45A;PLA2G4C;PLA2G4A;PRKCA;GRB2;PDGFC;PDGFB;CD14;PRKACA;DUSP5;DUSP3;DUSP2;VEGFA;IL1A;IL1B;MRAS;TGFA;AREG;RAP1A;RRAS;MAP3K20;MAP4K3;MEF2C;TAOK3;LAMTOR3;RAC1;TGFB2;MAPKAPK3;IL1RAP;TNF;PAK1;MAP3K8;MAP2K3;MAP2K1;NFKB1;MYD88;MAP3K11;MAP3K14;MAP3K13;CSF1R;CACNA1G;RASGRP3;NR4A1;RASGRP4;HSPA6;TGFBR1;TNFRSF1A;RASGRF1;HSPB1;STK3;MKNK1;CDC42;CRK;FLT1;FLT3;ARRB2;RPS6KA4;RPS6KA1;ARRB1;GNA12;RPS6KA2	49	KEGG_2021_Human
cGMP-PKG signaling pathway	43/167	0.00219287336362645	0.0137712447235741	1.7241600372993	10.5562432033369	GUCY1A1;ATP1B3;ATP1B1;PPIF;GTF2IRD1;MYL9;ADCY4;ADCY9;ATP1A1;ADCY7;CREB3L4;ADORA3;INSR;TRPC6;MAP2K1;ADRA2B;VASP;GNAQ;CREB5;GUCY1B1;NPPC;KCNMB1;RGS2;PDE2A;RHOA;ITPR2;PIK3R5;ADRB3;PIK3R6;MEF2A;MEF2C;ATP2B1;VDAC2;VDAC1;PLCB2;SLC25A6;PLCB3;SLC25A5;GNAI1;SLC8A1;GNAI2;GNA12;GNA13	50	KEGG_2021_Human
Sulfur metabolism	6/10	0.00255323865742647	0.0157199399692532	7.42942227516379	44.3565682488173	TST;ETHE1;MPST;PAPSS1;SUOX;PAPSS2	51	KEGG_2021_Human
Ras signaling pathway	56/232	0.00263049957097431	0.0158841704862679	1.58321424645488	9.40521326285221	EPHA2;RIN1;RALB;RALA;GNG5;INSR;PLA2G4C;PLA2G4A;PRKCA;GRB2;RGL2;PLA1A;RGL1;PDGFC;PDGFB;HTR7;GNG10;RASSF5;PRKACA;RHOA;GAB2;GAB1;VEGFA;MRAS;REL;RAB5C;RASAL1;RASAL2;TGFA;GNGT2;RAP1A;RRAS;ARF6;RAC1;PAK1;MAP2K1;NFKB1;GNB1;GNB2;GNB4;RAB5A;CSF1R;RASGRP3;ETS2;RASGRP4;ABL2;RASA4B;AFDN;PIK3CB;RASA4;RASGRF1;PLD2;PLA2G12A;CDC42;FLT1;FLT3	52	KEGG_2021_Human
Biosynthesis of unsaturated fatty acids	11/27	0.00279429198881206	0.0162482904534627	3.40776916194453	20.0382842046549	ELOVL1;ELOVL7;SCD;ACOX1;ACOT7;HSD17B4;HACD4;HSD17B12;ACAA1;FADS2;FADS1	53	KEGG_2021_Human
Collecting duct acid secretion	11/27	0.00279429198881206	0.0162482904534627	3.40776916194453	20.0382842046549	ATP6V0C;ATP6V0E1;ATP6V1E1;ATP6V1B2;ATP6V1A;ATP6V0D1;CA2;ATP6V1F;SLC12A7;ATP6V1C1;ATP6V0A1	53	KEGG_2021_Human
Toll-like receptor signaling pathway	29/104	0.00316899162500604	0.0180920612773072	1.92011594202899	11.0490035049123	TICAM2;CXCL10;CXCL11;CD86;CD80;TNF;MAP3K8;MAP2K3;MAP2K1;NFKB1;MYD88;CD14;TLR2;IL1B;NFKBIA;TLR1;PIK3CB;IRF5;TLR8;TLR7;TLR6;TLR5;TLR3;CXCL8;CCL3L1;CD40;CXCL9;LY96;RAC1	55	KEGG_2021_Human
Cell adhesion molecules	38/148	0.00401976015750527	0.0225393694545831	1.71647078117313	9.46896777729689	CD4;CD86;CD80;PVR;CLDN1;CDH1;HLA-DOB;HLA-DOA;HLA-DRB5;SDC2;HLA-DRB1;CD276;CD274;F11R;ICAM1;ALCAM;PDCD1LG2;HLA-DQB1;HLA-DRA;ITGA9;CD40;MPZL1;HLA-DQA2;HLA-DQA1;NEGR1;CLDN7;HLA-DPB1;NECTIN2;ITGB2;ITGAM;VSIR;HLA-DMB;HLA-DPA1;ITGB8;ITGAV;CD58;HLA-DMA;ICOSLG	56	KEGG_2021_Human
Pantothenate and CoA biosynthesis	9/21	0.00449995507644573	0.0247892262105958	3.71624441132638	20.0814248298535	PANK1;PPCS;PPCDC;UPB1;VNN1;ALDH1B1;ALDH2;ENPP1;BCAT1	57	KEGG_2021_Human
Cytokine-cytokine receptor interaction	67/295	0.00522715730299177	0.0282987481575761	1.46243528140947	7.68347071567383	IL1R1;IL1R2;CD4;IL23A;IFNL1;IL17RA;TNFSF18;TNFSF13;GDF9;IL17RC;IL1RN;TNFSF12;CCR2;IL10;CCL22;IL15;TNFRSF12A;IL10RB;IL19;IL18;IL1A;IL1B;CLCF1;CRLF2;CD40;TNFRSF11A;EBI3;CCR7;IFNGR1;IFNGR2;IL20;CXCR2;CCL19;CCL17;TGFB2;GDF15;OSM;CXCL10;CXCL11;IL1RAP;TNF;CXCL16;RELT;INHBA;TNFRSF10D;TNFRSF10B;IL7R;CSF1R;CSF2RA;CSF2RB;TNFRSF8;LEPR;IL6R;IL13RA1;TGFBR1;TNFRSF1A;TNFRSF21;IL3RA;CXCL8;CCL3L1;CXCL9;CXCL2;LTBR;LTB;CX3CR1;TNFSF13B;IL1RL2	58	KEGG_2021_Human
Pathways in cancer	112/531	0.00546253135746131	0.0290717770549636	1.33298106250752	6.94462202841917	RB1;RALB;RALA;ADCY4;ADCY9;ADCY7;GNG5;STAT6;HES1;FZD2;FZD1;JAG1;FZD5;FZD7;PRKCA;SPI1;CTBP2;PDGFB;HMOX1;PRKACA;GSTM4;GSTM2;PTCH2;RARA;EGLN3;IFNGR1;IFNGR2;GSTO1;PLCB2;PLCB3;PPARD;FH;CDKN1A;GSTP1;PTGS2;APPL1;BID;JAK2;TPM3;MITF;CDH1;MAP2K1;TRAF1;NFKB1;CSF1R;NOTCH4;IL13RA1;APAF1;TXNRD1;PIK3CB;IL3RA;NFE2L2;CDC42;CRK;CEBPA;FLT3;PTEN;ITGAV;RUNX1;IL23A;LPAR6;FRAT1;FRAT2;GADD45B;GADD45A;PTK2;GRB2;MGST2;LPAR3;MGST3;LPAR5;LPAR1;GNG10;RASSF5;RHOA;IL15;NCOA4;VEGFA;TGFA;GNGT2;CTNNB1;PTGER3;PTGER4;GNAI1;GNAI2;CTNNA1;RAC1;TGFB2;WNT5A;RXRA;CCND1;GNB1;GNAQ;GNB2;GNB4;IL7R;CSF2RA;RASGRP3;CSF2RB;RASGRP4;IL6R;LAMB3;MMP9;TGFBR1;NFKBIA;CXCL8;PLD2;CASP9;DAPK1;CBL;GNA12;GNA13	59	KEGG_2021_Human
Other glycan degradation	8/18	0.00563356516521962	0.0294823243646494	3.96328963051251	20.5259276987042	MANBA;HEXA;FUCA2;HEXB;NEU4;GLB1;MAN2B1;ENGASE	60	KEGG_2021_Human
Complement and coagulation cascades	24/85	0.00579210580034571	0.0298151019886648	1.95248846569157	10.0577744791703	SERPINA1;SERPINE1;C3AR1;TFPI;SERPINF2;PLAUR;PROC;PROCR;SERPING1;C1QC;ITGB2;C1QB;C1QA;CFI;F13A1;PLAU;ITGAM;C3;C5;THBD;ITGAX;VSIG4;A2M;CD59	61	KEGG_2021_Human
Apelin signaling pathway	35/137	0.00608836272471936	0.03083461121874	1.70424493017393	8.69399432111719	SERPINE1;ADCY4;ADCY9;ADCY7;CCND1;GNG5;CDH1;GABARAPL2;JAG1;MAP2K1;GNB1;GNAQ;GNB2;GNB4;GABARAP;GNG10;PRKACA;SPHK1;TGFBR1;MRAS;ITPR2;PIK3R5;PIK3R6;GNGT2;RRAS;MEF2A;MEF2C;PLCB2;PLCB3;RYR1;PRKAG1;GNAI1;SLC8A1;GNAI2;GNA13	62	KEGG_2021_Human
Arginine and proline metabolism	16/50	0.00621460515823825	0.03097438126487	2.33354417035631	11.8563951004157	AOC1;CKM;PYCR1;ALDH4A1;P4HA1;LAP3;P4HA2;CNDP2;SMOX;ALDH7A1;GATM;SAT1;SAT2;ALDH1B1;ALDH2;CKB	63	KEGG_2021_Human
HIF-1 signaling pathway	29/109	0.00653991640872026	0.0320864648802838	1.7995652173913	9.05150872824684	SERPINE1;INSR;MAP2K1;CYBB;PRKCA;NFKB1;PFKFB3;EIF4EBP1;ENO1;ENO3;HMOX1;IL6R;VEGFA;PIK3CB;ALDOA;EIF4E2;HK2;LDHA;MKNK1;TIMP1;EIF4E;EGLN3;IFNGR1;IFNGR2;PFKL;LTBR;GAPDH;FLT1;CDKN1A	64	KEGG_2021_Human
Oxidative phosphorylation	34/133	0.00671728334073369	0.0324496456767751	1.70551763885097	8.53282664214734	ATP6V1E1;PPA1;SDHB;PPA2;ATP6V0D1;NDUFV3;ATP6V0C;ATP6V0B;ATP6AP1;COX7A2L;ATP6V1B2;ATP6V1A;ATP5MC3;ATP5MC2;ATP6V1F;CYC1;ATP6V1C1;ATP6V0A1;ATP6V1H;ATP5F1E;NDUFS4;NDUFB5;NDUFB2;ATP5MF;ATP6V0E1;ATP5PD;ATP5PB;COX6B1;UQCRHL;COX5A;NDUFA12;ATP5F1A;ATP5F1B;ATP5F1C	65	KEGG_2021_Human
beta-Alanine metabolism	11/30	0.00719403280114012	0.0342261560539091	2.86918235044815	14.1579899894975	SMOX;UPB1;ALDH7A1;ACOX1;HADHA;EHHADH;ECHS1;CNDP2;ALDH1B1;ALDH2;ALDH3B1	66	KEGG_2021_Human
Oxytocin signaling pathway	38/154	0.00806685966653728	0.0369977966896601	1.62709685445912	7.84259220954179	GUCY1A1;CACNA2D4;CACNA2D3;MYL9;ADCY4;ADCY9;ADCY7;ACTB;CCND1;MAP2K1;PLA2G4C;PLA2G4A;PRKCA;RCAN1;GNAQ;GUCY1B1;ACTG1;TRPM2;RGS2;PRKACA;RHOA;GNAO1;CAMK1;ITPR2;PIK3R5;PIK3R6;CAMK1D;MEF2C;PLCB2;CAMK1G;PLCB3;SRC;RYR1;CDKN1A;PRKAG1;GNAI1;GNAI2;PTGS2	67	KEGG_2021_Human
Long-term depression	18/60	0.00809109143820606	0.0369977966896601	2.12543762274784	10.2382152707364	LYN;GUCY1A1;GNAO1;ITPR2;MAP2K1;PLA2G4C;PLA2G4A;PRKCA;GNAQ;PLCB2;PLCB3;GNAZ;RYR1;GUCY1B1;GNAI1;GNAI2;GNA12;GNA13	68	KEGG_2021_Human
Synaptic vesicle cycle	22/78	0.00813008908148581	0.0369977966896601	1.94900401812431	9.37896477933546	ATP6V1E1;UNC13B;STXBP1;ATP6V0D1;NAPA;SLC1A3;CLTB;CLTA;AP2S1;STX3;ATP6V0C;ATP6V0E1;ATP6V0B;SLC6A12;ATP6V1B2;ATP6V1A;RAB3A;AP2A1;ATP6V1F;ATP6V1C1;ATP6V0A1;ATP6V1H	69	KEGG_2021_Human
Glycosaminoglycan degradation	8/19	0.00831416208663662	0.03729495564577	3.60277386499079	17.2565480382804	HGSNAT;ARSB;HEXA;HEXB;GLB1;HYAL2;HYAL3;GUSB	70	KEGG_2021_Human
Lipid and atherosclerosis	50/215	0.00910460999076443	0.0402654582690145	1.50609901062526	7.07712069681499	HSPA1A;ABCA1;PRKCA;PTK2;ICAM1;CD14;LYN;RHOA;IL18;TLR2;IL1B;TLR6;CD40;RAP1A;PLCB2;PLCB3;RAC1;BID;OLR1;JAK2;TICAM2;TNF;PYCARD;RXRA;NLRP3;MAP2K3;CYBB;TNFRSF10B;CYBA;NFKB1;MYD88;NCF2;AGER;HSPA6;APAF1;MMP9;TNFRSF1A;NFKBIA;PIK3CB;NFE2L2;CXCL8;CCL3L1;CXCL2;LY96;CASP9;CASP1;CDC42;SOD2;SRC;HSPD1	71	KEGG_2021_Human
Galactose metabolism	11/31	0.00948632079283973	0.0413708990132177	2.72555920071578	12.6953942877649	MGAM;GAA;GANC;GALK1;G6PC3;GLB1;PFKL;GLA;AKR1B1;HK2;PGM2	72	KEGG_2021_Human
Autoimmune thyroid disease	16/53	0.0113911173686478	0.0483352818075054	2.14395040201492	9.59400954628026	IL10;HLA-DQB1;HLA-DRA;CD86;CD40;CD80;HLA-DOB;HLA-DQA2;HLA-DOA;HLA-DQA1;HLA-DRB5;HLA-DPB1;HLA-DRB1;HLA-DMB;HLA-DPA1;HLA-DMA	73	KEGG_2021_Human
Endocrine and other factor-regulated calcium reabsorption	16/53	0.0113911173686478	0.0483352818075054	2.14395040201492	9.59400954628026	VDR;ATP1B3;ATP1B1;CLTB;CLTA;ADCY9;ATP1A1;AP2S1;PRKCA;ATP2B1;GNAQ;PLCB2;PLCB3;AP2A1;SLC8A1;PRKACA	73	KEGG_2021_Human
Regulation of actin cytoskeleton	50/218	0.0118624078125198	0.049663947375083	1.47893496565796	6.55816094396132	ACTN1;MYL5;MYL9;PFN1;CYFIP1;ACTB;PTK2;MYLPF;PDGFC;PDGFB;LPAR5;LPAR1;PIP5K1C;RHOA;MRAS;ARPC1B;RRAS;TMSB4X;TMSB4Y;RAC1;GSN;PAK1;CFL1;MAP2K1;ARPC5;DIAPH2;ARPC3;ARPC4;ARPC2;VCL;ACTG1;ACTR3;ACTR2;ITGA5;BAIAP2;PIK3CB;ITGA9;DOCK1;BRK1;CDC42;CRK;ITGB2;SRC;ITGB5;ITGAM;GNA12;GNA13;ITGAX;ITGB8;ITGAV	75	KEGG_2021_Human
Tight junction	40/169	0.0136358217777904	0.0563374741871865	1.53984645379155	6.61372520253492	ACTN1;RUNX1;MYL9;AMOT;CLDN1;ACTB;CCND1;MICALL2;ARPC5;VASP;ARPC3;ARPC4;ARPC2;ACTG1;NEDD4L;CD1E;F11R;CD1D;CD1C;CD1B;CD1A;PRKACA;ACTR3;RHOA;ACTR2;AFDN;ARHGEF2;ARPC1B;RAP1A;CDC42;CLDN7;TJP2;TJP1;RAB13;HCLS1;SRC;YBX3;PRKAG1;TUBA1B;RAC1	76	KEGG_2021_Human
Bladder cancer	13/41	0.0140899832140459	0.0574578536261091	2.30106151681801	9.80779412587691	DAPK1;MAP2K1;MMP9;UPK3A;VEGFA;HBEGF;CXCL8;TYMP;RB1;SRC;CDKN1A;CCND1;CDH1	77	KEGG_2021_Human
African trypanosomiasis	12/37	0.0149481947938422	0.0601760662213649	2.37866348448687	9.99791447683472	IL10;IL18;PRKCA;IL1B;MYD88;GNAQ;PLCB2;PLCB3;IDO1;IDO2;TNF;ICAM1	78	KEGG_2021_Human
Th1 and Th2 cell differentiation	24/92	0.0160039332316044	0.0636105700597946	1.75075730891159	7.23924274230101	TYK2;NFKBIA;CD4;HLA-DQB1;HLA-DRA;NFKBIE;MAML3;STAT6;HLA-DOB;HLA-DQA2;HLA-DOA;HLA-DQA1;JAG1;HLA-DRB5;IFNGR1;IFNGR2;NFKB1;HLA-DPB1;HLA-DRB1;RBPJ;HLA-DMB;HLA-DPA1;HLA-DMA;JAK2	79	KEGG_2021_Human
Aldosterone synthesis and secretion	25/98	0.0186700205370717	0.0732798306080062	1.69879013895556	6.76260531775435	ATP1B3;ATP1B1;ADCY4;ADCY9;ATP1A1;ADCY7;CREB3L4;PRKCA;NR4A2;GNAQ;CREB5;CACNA1G;NR4A1;PDE2A;PRKACA;CAMK1;DAGLA;DAGLB;ITPR2;CAMK1D;ATP2B1;PLCB2;CAMK1G;PLCB3;SCARB1	80	KEGG_2021_Human
Kaposi sarcoma-associated herpesvirus infection	44/193	0.0191866527092034	0.0743778882801218	1.46645912509097	5.79770541518842	RB1;GNG5;ATG3;GABARAPL2;GABARAP;PDGFB;ICAM1;C3;GNG10;LYN;TYK2;CD200R1;VEGFA;TLR3;GNGT2;IFNGR1;SYK;HCK;CDKN1A;CTNNB1;PTGS2;RAC1;BID;JAK2;CD86;ZFP36;CCND1;MAP2K1;NFKB1;RCAN1;GNB1;GNB2;GNB4;TNFRSF1A;NFKBIA;PIK3CB;CXCL8;ITPR2;PIK3R5;CXCL2;PIK3R6;CASP9;UBA52;SRC	81	KEGG_2021_Human
Sphingolipid signaling pathway	29/119	0.022128520765568	0.0847360429315653	1.59864734299517	6.09226592785412	DEGS1;SGMS2;TNF;ADORA3;CERS6;MAP2K1;PRKCA;NFKB1;GNAQ;RHOA;SPHK1;GAB2;TNFRSF1A;PIK3CB;PLD2;SGPL1;FCER1A;FCER1G;PLCB2;PLCB3;PTEN;GNAI1;GNAI2;SPTLC2;GNA12;SMPD2;GNA13;RAC1;BID	82	KEGG_2021_Human
Glutathione metabolism	16/57	0.0229607831570377	0.0868636856784317	1.93431826791386	7.30005446826534	GSTM4;GPX3;GSTM2;GPX4;LAP3;RRM2B;HPGDS;GGT5;IDH1;GSTO1;PGD;GCLC;GSTP1;MGST2;MGST3;PRDX6	83	KEGG_2021_Human
Viral protein interaction with cytokine and cytokine receptor	25/100	0.023765069702333	0.0888360938872925	1.65328940800639	6.18253928696875	CXCL10;CXCL11;TNF;TNFRSF10D;TNFRSF10B;CSF1R;IL6R;CCR2;IL10;CCL22;IL10RB;IL19;IL18;TNFRSF1A;CXCL8;CCL3L1;CXCL9;CXCL2;CCR7;LTBR;IL20;CX3CR1;CXCR2;CCL19;CCL17	84	KEGG_2021_Human
Glycolysis / Gluconeogenesis	18/67	0.0255682727411566	0.0944522075379197	1.82103516840089	6.67664888132292	TPI1;AKR1A1;G6PC3;ALDOA;HK2;LDHA;ACSS2;PKM;ALDH7A1;PFKL;GAPDH;ADPGK;ENO1;ENO3;ALDH1B1;ALDH2;ALDH3B1;PGM2	85	KEGG_2021_Human
Epstein-Barr virus infection	45/202	0.0263432895783253	0.0961836386929552	1.42310342114404	5.17517493637622	ENTPD1;VIM;RB1;HES1;HLA-DRB5;GADD45B;GADD45A;BTK;HLA-DRB1;ICAM1;RBPJ;LYN;TYK2;TLR2;NCOR2;HLA-DQB1;CALR;CD40;HLA-DQA2;HLA-DQA1;SYK;HLA-DPB1;CDKN1A;HLA-DMB;HLA-DPA1;RAC1;CD58;BID;HLA-DMA;CXCL10;TNF;CCND1;HLA-DOB;HLA-DOA;PDIA3;MAP2K3;NFKB1;MYD88;MAP3K14;APAF1;NFKBIA;PIK3CB;HLA-DRA;NFKBIE;CASP9	86	KEGG_2021_Human
Fc epsilon RI signaling pathway	18/68	0.0294707748802597	0.106365785200018	1.78450687387926	6.28923784475411	LYN;GAB2;PIK3CB;LCP2;TNF;ALOX5;FCER1A;FCER1G;MAP2K3;MAP2K1;SYK;PLA2G4C;ALOX5AP;PLA2G4A;PRKCA;BTK;GRB2;RAC1	87	KEGG_2021_Human
TNF signaling pathway	27/112	0.0302001831446597	0.107759744402536	1.57547991327187	5.51403363406642	CXCL10;NOD2;TNF;CREB3L4;MAP3K8;JAG1;MAP2K3;MAP2K1;TRAF1;NFKB1;MAP3K14;CREB5;ICAM1;IL15;CFLAR;MMP9;TNFRSF1A;IL1B;NFKBIA;MMP14;PIK3CB;BCL3;CXCL2;SOCS3;CEBPB;PTGS2;RPS6KA4	88	KEGG_2021_Human
Gap junction	22/88	0.0324361851201342	0.114437776715979	1.65270297227209	5.66626016835561	GUCY1A1;ITPR2;ADCY4;ADCY9;ADCY7;TUBB6;MAP2K1;PRKCA;TJP1;GNAQ;GRB2;PLCB2;PLCB3;SRC;GUCY1B1;PDGFC;PDGFB;GNAI1;GNAI2;LPAR1;TUBA1B;PRKACA	89	KEGG_2021_Human
Cholinergic synapse	27/113	0.0335200598760648	0.116630721337197	1.55706629684092	5.28719178330747	ADCY4;ADCY9;ADCY7;CREB3L4;GNG5;MAP2K1;PRKCA;GNB1;GNAQ;GNB2;GNB4;CREB5;GNG10;PRKACA;PIK3CB;GNAO1;ACHE;ITPR2;PIK3R5;PIK3R6;GNGT2;KCNQ1;PLCB2;PLCB3;GNAI1;GNAI2;JAK2	90	KEGG_2021_Human
Renal cell carcinoma	18/69	0.0338006230626908	0.116630721337197	1.74941106149573	5.92573817771114	TGFB2;GAB1;VEGFA;PIK3CB;RAPGEF1;TGFA;RAP1A;PAK1;TFE3;EGLN3;MAP2K1;CDC42;CRK;GRB2;FH;CDKN1A;PDGFB;RAC1	91	KEGG_2021_Human
Focal adhesion	44/201	0.0363520312404049	0.123771594727106	1.39105978052337	4.61067487118362	ACTN1;MYL5;COL9A2;MYL9;TLN2;ACTB;PRKCA;PTK2;VASP;MYLPF;GRB2;PDGFC;PDGFB;PIP5K1C;RHOA;VEGFA;RAPGEF1;RAP1A;CTNNB1;RAC1;ZYX;PAK1;CCND1;MAP2K1;VCL;ACTG1;ARHGAP5;ITGA5;LAMB3;PARVB;PIK3CB;PARVG;ITGA9;DOCK1;RASGRF1;ILK;CDC42;CRK;FLT1;SRC;ITGB5;PTEN;ITGB8;ITGAV	92	KEGG_2021_Human
Relaxin signaling pathway	30/129	0.0366584659542066	0.123771594727106	1.50306302375888	4.96929302018344	ADCY4;ADCY9;ADCY7;CREB3L4;GNG5;MAP2K1;PRKCA;NFKB1;GNB1;GNB2;GNB4;GRB2;CREB5;GNG10;PRKACA;MMP9;TGFBR1;VEGFA;NFKBIA;PIK3CB;GNAO1;GNGT2;PLCB2;PLCB3;SRC;ARRB2;GNAI1;GNAI2;GNA15;ARRB1	93	KEGG_2021_Human
Glutamatergic synapse	27/114	0.0371085344523847	0.123958295936689	1.53907598193711	5.06957514611719	HOMER2;HOMER1;SLC1A3;ADCY4;ADCY9;ADCY7;GNG5;PLA2G4C;PLA2G4A;PRKCA;DLG4;GNB1;GNAQ;GNB2;GNB4;GNG10;GLUL;PRKACA;GNAO1;ITPR2;PLD2;GNGT2;GRK3;PLCB2;PLCB3;GNAI1;GNAI2	94	KEGG_2021_Human
NOD-like receptor signaling pathway	40/181	0.0387406209219599	0.126743858619401	1.40777154756723	4.57647749484797	TRPV2;TRIP6;NAIP;NOD2;TNF;ANTXR2;PYCARD;NLRP3;GABARAPL2;PRKCD;CYBB;CYBA;NFKB1;MYD88;TXN2;GABARAP;TXN;TRPM2;CTSB;RHOA;CARD9;CARD6;IL18;TYK2;IL1B;NFKBIA;CXCL8;MEFV;YWHAE;ITPR2;CXCL2;NLRC4;RIPK2;CASP1;P2RX7;VDAC2;VDAC1;PLCB2;PLCB3;NAMPT	95	KEGG_2021_Human
One carbon pool by folate	7/20	0.0387497147371418	0.126743858619401	2.66632295318622	8.66723440688663	MTFMT;AMT;ST20-MTHFS;MTHFR;MTHFD2;MTHFD2L;MTHFD1L	96	KEGG_2021_Human
SNARE interactions in vesicular transport	10/33	0.0399296811247957	0.129256905909132	2.15356096549221	6.93583456047988	VAMP8;VAMP3;STX18;SNAP23;STX11;STX7;STX6;STX4;SNAP29;STX3	97	KEGG_2021_Human
Transcriptional misregulation in cancer	42/192	0.0404893284136913	0.129731113488766	1.38954846478025	4.45588845582216	LMO2;IL1R2;RUNX1;MITF;SPINT1;CD86;RXRA;HOXA9;GADD45B;GADD45A;TRAF1;PBX3;NFKB1;PTK2;NR4A3;BMP2K;CSF1R;SPI1;JMJD1C;PLAU;CD14;NFKBIZ;MMP9;ETV5;ETV6;ID2;REL;RARA;CXCL8;CD40;BCL2A1;TFE3;MEF2C;CEBPA;CEBPB;FLT1;FLT3;CDKN1A;ITGAM;LYL1;FCGR1A;HHEX	98	KEGG_2021_Human
Arachidonic acid metabolism	16/61	0.0417313311091304	0.132359979477444	1.7619540687641	5.59685253814697	GPX3;PTGES2;ALOX15;HPGDS;ALOX5;CBR3;GGT5;PLA2G12A;PLA2G4C;PLA2G4A;AKR1C3;TBXAS1;PTGS1;LTC4S;PLB1;PTGS2	99	KEGG_2021_Human
Gastric acid secretion	19/76	0.0445377789581169	0.139848625928487	1.65211758844046	5.1404275513322	ATP1B3;ATP1B1;ITPR2;ADCY4;ADCY9;ATP1A1;ADCY7;ACTB;CA2;HRH2;PRKCA;KCNQ1;GNAQ;PLCB2;PLCB3;ACTG1;GNAI1;GNAI2;PRKACA	100	KEGG_2021_Human
Acute myeloid leukemia	17/67	0.0488095560213303	0.151744560303938	1.6848640573648	5.08800161980059	RUNX1;PIK3CB;RARA;BCL2A1;CCND1;MAP2K1;NFKB1;GRB2;PPARD;CEBPA;CSF1R;SPI1;FLT3;EIF4EBP1;ITGAM;FCGR1A;CD14	101	KEGG_2021_Human
Peroxisome	20/82	0.0504966685201977	0.15408130502025	1.59881926223183	4.77383116023542	ACSL3;PEX10;ACOX1;FAR1;PAOX;HSD17B4;MPV17L2;EHHADH;PIPOX;IDH1;DHRS4;SOD2;CAT;DDO;NUDT12;NUDT19;MPV17;ABCD1;ACAA1;DECR2	102	KEGG_2021_Human
Longevity regulating pathway	24/102	0.0505425936849863	0.15408130502025	1.52538000921234	4.55316606407072	HSPA1A;CLPB;ADCY4;ADCY9;FOXO3;ADCY7;CREB3L4;INSR;NFKB1;RHEB;CREB5;EIF4EBP1;SESN2;PRKACA;HSPA6;PIK3CB;AKT1S1;EIF4E2;ADIPOR1;EIF4E;SOD2;CAT;PRKAG1;APPL1	103	KEGG_2021_Human
Glyoxylate and dicarboxylate metabolism	9/30	0.0530308696264722	0.158587552978212	2.12241856504152	6.23329094704428	AMT;CS;GRHPR;CAT;PGP;AFMID;HYI;GLUL;ACSS2	104	KEGG_2021_Human
Pentose phosphate pathway	9/30	0.0530308696264722	0.158587552978212	2.12241856504152	6.23329094704428	TALDO1;PGD;DERA;PFKL;ALDOA;TKT;RPE;PGLS;PGM2	104	KEGG_2021_Human
Sphingolipid metabolism	13/49	0.0576028394411437	0.170125460346977	1.78885241553102	5.1057128992288	SPHK1;GLA;DEGS1;SGMS2;NEU4;UGCG;SGPL1;PSAP;CERS6;ACER3;GLB1;SPTLC2;SMPD2	106	KEGG_2021_Human
Purine metabolism	29/129	0.0579726887169635	0.170125460346977	1.43791304347826	4.09486469962424	ENTPD1;GUCY1A1;PDE6G;ADCY4;ADCY9;PAPSS1;ADCY7;PAPSS2;PDE8A;HPRT1;GUCY1B1;AK2;AK5;PDE2A;AMPD2;NME4;AMPD3;ADA2;NME1;NME2;RRM2B;FHIT;PDE4A;PKM;IMPDH1;IMPDH2;ENPP1;NUDT16;PGM2	107	KEGG_2021_Human
Diabetic cardiomyopathy	43/203	0.0606387977163754	0.1748675283904	1.33331074977416	3.73703052156912	INSR;PRKCD;PRKCA;COX7A2L;PDK4;ATP5F1E;ATP5PD;ATP5PB;COX6B1;PLCB2;PLCB3;COX5A;NDUFA12;ATP5F1A;ATP5F1B;ATP5F1C;RAC1;TGFB2;SDHB;PPIF;NDUFV3;CYBB;CYBA;NFKB1;NCF2;ATP5MC3;AGER;ATP5MC2;MPC1;CYC1;MMP9;TGFBR1;PIK3CB;NDUFS4;NDUFB5;NDUFB2;UQCRHL;VDAC2;VDAC1;SLC25A6;SLC25A5;GAPDH;PTEN	108	KEGG_2021_Human
VEGF signaling pathway	15/59	0.0607024222756483	0.1748675283904	1.68897092754961	4.73211090642723	SPHK1;VEGFA;PIK3CB;MAPKAPK3;HSPB1;CASP9;MAP2K1;PLA2G4C;PLA2G4A;PRKCA;CDC42;PTK2;SRC;PTGS2;RAC1	109	KEGG_2021_Human
GABAergic synapse	21/89	0.0625823939231732	0.178152520551277	1.53053791064736	4.24153576646311	SLC12A5;GABBR1;GNAO1;ADCY4;ADCY9;ADCY7;GNGT2;GNG5;GABARAPL2;SLC6A12;PRKCA;GNB1;GNB2;GNB4;GABARAP;SRC;GNAI1;GNAI2;GNG10;GLUL;PRKACA	110	KEGG_2021_Human
Histidine metabolism	7/22	0.0629774833795916	0.178152520551277	2.31053520007944	6.38857904993122	AOC1;HNMT;CNDP2;ALDH7A1;ALDH1B1;ALDH2;ALDH3B1	111	KEGG_2021_Human
Cysteine and methionine metabolism	13/50	0.0663247142906105	0.185946073993319	1.74040020324711	4.72204110335604	ADI1;AHCYL1;APIP;SDSL;LDHA;SDS;MPST;GCLC;TST;BCAT1;AHCY;IL4I1;MAT2A	112	KEGG_2021_Human
AGE-RAGE signaling pathway in diabetic complications	23/100	0.0680488527511666	0.1890915023351	1.48045339874134	3.97876204767792	TGFB2;PLCD1;SERPINE1;TNF;CCND1;PRKCD;CYBB;PRKCA;NFKB1;AGER;ICAM1;TGFBR1;VEGFA;IL1A;IL1B;PIK3CB;CXCL8;CDC42;PLCB2;PLCB3;THBD;RAC1;JAK2	113	KEGG_2021_Human
Thyroid hormone synthesis	18/75	0.0699748911174399	0.192737857990141	1.56469625947714	4.16149558737343	GPX3;ATP1B3;ATP1B1;ITPR2;ADCY4;ADCY9;ATP1A1;ADCY7;CREB3L4;PRKCA;GNAQ;CANX;PLCB2;PLCB3;CREB5;ASGR1;ASGR2;PRKACA	114	KEGG_2021_Human
Fatty acid elongation	8/27	0.0706959632539104	0.193030717058503	2.08481274700458	5.5234336856013	ELOVL1;ELOVL7;HADHA;PPT1;ACOT7;ECHS1;HACD4;HSD17B12	115	KEGG_2021_Human
Autophagy	30/137	0.0728814469377188	0.197282537400377	1.39001171728271	3.64033111645183	UVRAG;RRAGD;ATG16L2;RRAGC;SQSTM1;ATG3;GABARAPL2;PRKCD;MAP2K1;VAMP8;RHEB;GABARAP;WDR41;ATG7;PRKACA;CTSB;CFLAR;EIF2AK4;MRAS;PIK3CB;AKT1S1;ATG4C;RAB7A;RAB7B;RRAS;SNAP29;DAPK1;MTMR14;PTEN;DEPTOR	116	KEGG_2021_Human
Morphine addiction	21/91	0.0762739078087349	0.20470091497387	1.48662877654801	3.82572671915443	GABBR1;GNAO1;ADCY4;ADCY9;ADCY7;GNGT2;GRK3;GNG5;PDE4A;PDE8A;PRKCA;GNB1;GNB2;GNB4;ARRB2;GNAI1;GNAI2;GNG10;ARRB1;PDE2A;PRKACA	117	KEGG_2021_Human
Pancreatic cancer	18/76	0.0778691673048159	0.206445339396921	1.53762598676752	3.92513660898169	TGFB2;TGFBR1;VEGFA;PIK3CB;RB1;RALB;RALA;TGFA;PLD2;CASP9;CCND1;GADD45B;MAP2K1;GADD45A;NFKB1;CDC42;CDKN1A;RAC1	118	KEGG_2021_Human
Necroptosis	34/159	0.0782388388160305	0.206445339396921	1.34864624624625	3.43633592800861	TICAM2;PPIA;CHMP4B;SQSTM1;TNF;PYCARD;NLRP3;STAT6;PLA2G4C;PLA2G4A;CYBB;TNFRSF10B;CHMP2B;CHMP2A;FTL;CHMP1B;FTH1;GLUL;CFLAR;TYK2;TNFRSF1A;IL1A;IL1B;TLR3;ALOX15;CASP1;IFNGR1;IFNGR2;VDAC2;VDAC1;SLC25A6;SLC25A5;BID;JAK2	119	KEGG_2021_Human
Thyroid cancer	10/37	0.0802726797020119	0.210046845220264	1.83407319066234	4.62613039161804	GADD45B;MAP2K1;GADD45A;NCOA4;TPM3;CDKN1A;CTNNB1;RXRA;CCND1;CDH1	120	KEGG_2021_Human
Prostate cancer	22/97	0.0827766964382201	0.214808947781827	1.45358866945941	3.62177417677125	IL1R2;SPINT1;RB1;CREB3L4;CCND1;MAP2K1;NFKB1;GRB2;CREB5;PDGFC;PDGFB;PLAU;MMP9;ETV5;NFKBIA;PIK3CB;TGFA;CASP9;CDKN1A;CTNNB1;GSTP1;PTEN	121	KEGG_2021_Human
Inflammatory mediator regulation of TRP channels	22/98	0.0905028040537195	0.232933446498917	1.43437588585467	3.44590797232462	IL1R1;TRPV2;ADCY4;IL1RAP;ADCY9;ADCY7;MAP2K3;PRKCD;PLA2G4C;PLA2G4A;PRKCA;GNAQ;PRKACA;IL1B;PIK3CB;ITPR2;HRH1;P2RY2;PLCB2;PLCB3;SRC;PTGER4	122	KEGG_2021_Human
Neurotrophin signaling pathway	26/119	0.0917820427780105	0.234305377498336	1.38553766662157	3.3091331088616	FOXO3;SH2B3;SH2B2;PRKCD;MAP2K1;NFKB1;GRB2;PSEN1;PSEN2;RHOA;GAB1;NFKBIA;PIK3CB;RAPGEF1;NFKBIE;YWHAE;RAP1A;IRAK2;IRAK3;RIPK2;SORT1;CDC42;CRK;RPS6KA1;RPS6KA2;RAC1	123	KEGG_2021_Human
Proteoglycans in cancer	42/205	0.0960381653181219	0.24186377988479	1.27771724476718	2.99370378478506	ACTB;FZD2;FZD1;FZD5;FZD7;PRKCA;PTK2;HSPG2;SDC2;GRB2;PRKACA;RHOA;GAB1;VEGFA;TLR2;MRAS;RRAS;HCLS1;HBEGF;CD63;CDKN1A;CTNNB1;RAC1;TGFB2;WNT5A;PTPN6;TNF;PAK1;CCND1;MAP2K1;ACTG1;PLAU;ITGA5;MMP9;PIK3CB;ITPR2;PLAUR;CDC42;SRC;ITGB5;CBL;ITGAV	124	KEGG_2021_Human
p53 signaling pathway	17/73	0.0962833518649644	0.24186377988479	1.50379871099919	3.5195805100164	APAF1;TP53I3;RRM2B;CCNG2;EI24;SERPINE1;CASP9;CCND1;CHEK2;SIAH1;GADD45B;GADD45A;TNFRSF10B;CDKN1A;PTEN;SESN2;BID	125	KEGG_2021_Human
Endometrial cancer	14/58	0.097696954142198	0.243467012703573	1.57590230664858	3.66536737266314	PIK3CB;ILK;FOXO3;CASP9;CCND1;CDH1;GADD45B;MAP2K1;GADD45A;GRB2;CDKN1A;CTNNB1;PTEN;CTNNA1	126	KEGG_2021_Human
Thyroid hormone signaling pathway	26/121	0.107036283219674	0.264640889220297	1.35620447163445	3.03055743293861	ATP1B3;MED13L;ATP1B1;PLCD1;ATP1A1;ACTB;RXRA;CCND1;MAP2K1;PRKCA;SLC16A10;RCAN1;RHEB;NOTCH4;ACTG1;PRKACA;PIK3CB;CASP9;PFKL;PLCB2;PLCB3;HDAC3;SRC;THRB;CTNNB1;ITGAV	127	KEGG_2021_Human
alpha-Linolenic acid metabolism	7/25	0.113294472040748	0.27792550172496	1.92509846754708	4.19241187667241	PLA2G12A;PLA2G4C;PLA2G4A;ACOX1;PLB1;ACAA1;FADS2	128	KEGG_2021_Human
Vascular smooth muscle contraction	28/133	0.118121635296133	0.281201438800291	1.32142286171063	2.82261258881407	GUCY1A1;MYL9;ADCY4;ADCY9;ADCY7;PRKCD;MAP2K1;PLA2G4C;PLA2G4A;PRKCA;GNAQ;CALCRL;GUCY1B1;NPPC;KCNMB1;PRKACA;RHOA;ADORA2B;ITPR2;ADM;PPP1R14A;PLA2G12A;PTGIR;PLCB2;RAMP1;PLCB3;GNA12;GNA13	129	KEGG_2021_Human
Dilated cardiomyopathy	21/96	0.118816696037991	0.281201438800291	1.38710140592282	2.9547664387792	MYBPC3;TGFB2;ITGA5;TPM4;TPM3;TPM2;CACNA2D4;CACNA2D3;ITGA9;ADCY4;TNF;ADCY9;ADCY7;LMNA;ACTB;ITGB5;ACTG1;SLC8A1;ITGB8;ITGAV;PRKACA	130	KEGG_2021_Human
Cortisol synthesis and secretion	15/65	0.120178195457213	0.281201438800291	1.48575694237086	3.14799161226204	ITPR2;ADCY4;ADCY9;ADCY7;CREB3L4;PDE8A;NCEH1;GNAQ;PLCB2;PLCB3;CREB5;CACNA1G;NR4A1;SCARB1;PRKACA	131	KEGG_2021_Human
Mineral absorption	14/60	0.121488470807177	0.281201438800291	1.50720311486048	3.1770875712565	VDR;CYBRD1;SLC31A1;ATP1B3;ATP1B1;SLC46A1;SLC40A1;ATP1A1;ATP2B1;ATOX1;FTL;SLC8A1;FTH1;HMOX1	132	KEGG_2021_Human
Non-alcoholic fatty liver disease	32/155	0.122341826692887	0.281201438800291	1.28933524629364	2.70881121406973	SDHB;TNF;RXRA;NDUFV3;SREBF1;INSR;COX7A2L;NFKB1;MAP3K11;LEPR;CYC1;IL6R;TNFRSF1A;IL1A;IL1B;PIK3CB;NDUFS4;CXCL8;NDUFB5;NDUFB2;ADIPOR1;SOCS3;MLX;COX6B1;CDC42;UQCRHL;CEBPA;COX5A;NDUFA12;PRKAG1;RAC1;BID	133	KEGG_2021_Human
Regulation of lipolysis in adipocytes	13/55	0.122512833003234	0.281201438800291	1.53274786488752	3.21806467862848	PIK3CB;MGLL;ADCY4;ADRB3;ADCY9;ADCY7;INSR;PTGER3;GNAI1;GNAI2;PTGS1;PTGS2;PRKACA	134	KEGG_2021_Human
Glycine, serine and threonine metabolism	10/40	0.122701572449689	0.281201438800291	1.65036772013516	3.46247166159646	SDS;AMT;GCAT;GRHPR;ALDH7A1;GATM;SDSL;SRR;PIPOX;PSPH	135	KEGG_2021_Human
Malaria	12/50	0.12315425856359	0.281201438800291	1.56368546664992	3.27485395413348	IL10;TGFB2;IL18;TLR2;IL1B;CXCL8;CD40;TNF;MYD88;SDC2;ITGB2;ICAM1	136	KEGG_2021_Human
Glycosphingolipid biosynthesis	11/45	0.123279532630083	0.281201438800291	1.60191926457431	3.35329900478492	B3GALNT1;NAGA;GLB1;B3GNT5;GLA;HEXA;GCNT2;HEXB;FUT7;ST3GAL6;ST3GAL4	137	KEGG_2021_Human
Colorectal cancer	19/86	0.123585345714778	0.281201438800291	1.40468509470584	2.9369483296206	RHOA;TGFB2;TGFBR1;EREG;PIK3CB;RALB;RALA;TGFA;AREG;CASP9;CCND1;GADD45B;MAP2K1;GADD45A;GRB2;CDKN1A;CTNNB1;RAC1;APPL1	138	KEGG_2021_Human
Coronavirus disease	46/232	0.127400404693668	0.286775792423618	1.22612404155891	2.52633093824257	RPL22;RPL23;RPL26;C3AR1;RPL15;PRKCA;RPS23;RPS24;RPL4;C3;RPL8;C5;RPS11;RPS13;TYK2;TLR2;IL1B;TLR8;TLR7;TLR3;SYK;ADAM17;HBEGF;C1QC;C1QB;C1QA;F13A1;RPS9;CXCL10;RPL26L1;TNF;NLRP3;RPS2;CYBB;NFKB1;MYD88;IL6R;RPS3A;TNFRSF1A;NFKBIA;FCGR2A;PIK3CB;CXCL8;RPL36A;CASP1;UBA52	139	KEGG_2021_Human
Chronic myeloid leukemia	17/76	0.128236658598352	0.286775792423618	1.42707610660698	2.93103997261029	TGFB2;GAB2;RUNX1;TGFBR1;NFKBIA;PIK3CB;RB1;CCND1;GADD45B;MAP2K1;GADD45A;NFKB1;CRK;GRB2;CDKN1A;CTBP2;CBL	140	KEGG_2021_Human
Circadian entrainment	21/97	0.128775116980032	0.286775792423618	1.36876741659713	2.80554570391116	GUCY1A1;ADCY4;ADCY9;ADCY7;GNG5;PRKCA;GNB1;GNAQ;GNB2;GNB4;GUCY1B1;CACNA1G;GNG10;PRKACA;GNAO1;GNGT2;PLCB2;PLCB3;RYR1;GNAI1;GNAI2	141	KEGG_2021_Human
Serotonergic synapse	24/113	0.129776169444567	0.286969839476015	1.33596178429658	2.72795926454701	APP;GNG5;ALOX5;MAP2K1;PLA2G4C;PLA2G4A;PRKCA;GNB1;GNAQ;GNB2;GNB4;HTR7;GNG10;PRKACA;GNAO1;ALOX15;ITPR2;GNGT2;PLCB2;PLCB3;GNAI1;GNAI2;PTGS1;PTGS2	142	KEGG_2021_Human
Neutrophil extracellular trap formation	38/189	0.133141205804601	0.292352018340173	1.24730698928371	2.51500123149357	PPIF;ACTB;MAP2K1;CYBB;CYBA;PRKCA;NFKB1;NCF2;ACTG1;AGER;C3;C5;ATG7;TLR2;FCGR2A;CLCN5;PIK3CB;TLR8;TLR7;SIGLEC9;FPR1;FPR3;CLEC7A;CASP1;SYK;VDAC2;VDAC1;PLCB2;SLC25A6;PLCB3;SLC25A5;ITGB2;HDAC3;SRC;HDAC9;ITGAM;FCGR1A;RAC1	143	KEGG_2021_Human
JAK-STAT signaling pathway	33/162	0.134871937081545	0.294095751691702	1.26770367163992	2.53975501538911	PTPN2;OSM;IL23A;PTPN6;IFNL1;CCND1;STAT6;PIAS2;IL22RA2;GRB2;IL7R;PDGFB;CSF2RA;CSF2RB;LEPR;IL6R;IL13RA1;IL10;IL15;IL10RB;IL19;TYK2;PIK3CB;IL3RA;CRLF2;SOCS3;SOCS7;SOCS6;IFNGR1;IFNGR2;IL20;CDKN1A;JAK2	144	KEGG_2021_Human
Pyrimidine metabolism	13/56	0.136270478386867	0.295096070437767	1.49701234619308	2.98371560166329	ENTPD1;NME4;NME1;UPB1;NME2;RRM2B;DCTPP1;TYMP;TK2;CTPS2;UCK2;ENPP1;UPP1	145	KEGG_2021_Human
Glycerophospholipid metabolism	21/98	0.139213020505391	0.299403345470498	1.35090963478639	2.66365606880042	PLA2G4C;PLA2G4A;PLA1A;CDS1;LPGAT1;PLB1;LYPLA1;CHKA;CHPT1;ACHE;AGPAT1;PLD2;AGPAT3;PLD4;PLA2G12A;MBOAT7;MBOAT2;PLA2G15;PNPLA6;LPCAT2;GPAT3	146	KEGG_2021_Human
GnRH signaling pathway	20/93	0.142481616712788	0.304348487400104	1.35700006554368	2.64417201947802	MMP14;ITPR2;ADCY4;ADCY9;PLD2;ADCY7;MAP2K3;PRKCD;MAP2K1;PLA2G4C;PLA2G4A;PRKCA;CDC42;GNAQ;GRB2;HBEGF;PLCB2;PLCB3;SRC;PRKACA	147	KEGG_2021_Human
Apoptosis	29/142	0.149554815164029	0.317298729469628	1.27148903424394	2.41594651935366	ENDOG;TNF;LMNA;ACTB;GADD45B;MAP2K1;GADD45A;TRAF1;TNFRSF10B;NFKB1;MAP3K14;ACTG1;CSF2RB;CTSB;APAF1;CFLAR;TNFRSF1A;NFKBIA;PIK3CB;IL3RA;BCL2A1;CTSZ;ITPR2;CTSS;CASP9;CTSO;CTSH;TUBA1B;BID	148	KEGG_2021_Human
Pyruvate metabolism	11/47	0.15511543604204	0.326887563202687	1.51274149186467	2.81912339780414	AKR1A1;ACYP2;GRHPR;PKM;ALDH7A1;FH;GLO1;LDHA;ALDH1B1;ALDH2;ACSS2	149	KEGG_2021_Human
Mitophagy	15/68	0.159439628678242	0.333760289366452	1.401403967391	2.57310371518095	MITF;TFEB;MRAS;SQSTM1;RAB7A;RAB7B;FOXO3;BCL2L13;RRAS;TFE3;GABARAPL2;BNIP3L;UBA52;GABARAP;SRC	150	KEGG_2021_Human
Axon guidance	36/182	0.164834462667031	0.342768352830779	1.22176304004215	2.2026109821014	SEMA4A;PLXNC1;SEMA4C;WNT5A;MYL5;PLXNB2;EPHA2;MYL9;DPYSL2;PAK1;EFNB1;CFL1;SLIT3;TRPC6;SEMA6B;PRKCA;PTK2;PLXNA2;PLXNA1;SEMA7A;SRGAP2;SRGAP1;RHOA;FES;PIK3CB;ILK;RRAS;UNC5B;CDC42;ROBO3;SRC;GNAI1;GNAI2;RND1;RAC1;EPHB3	151	KEGG_2021_Human
Amino sugar and nucleotide sugar metabolism	11/48	0.172451879434004	0.35392085060312	1.4717679206197	2.58683381337541	GALK1;GNPDA1;NAGK;HEXA;HEXB;HK2;CYB5R3;CYB5R4;NANS;CYB5R1;PGM2	152	KEGG_2021_Human
Valine, leucine and isoleucine degradation	11/48	0.172451879434004	0.35392085060312	1.4717679206197	2.58683381337541	MCCC1;ALDH7A1;HADHA;BCAT1;EHHADH;ECHS1;IL4I1;ALDH1B1;ALDH2;OXCT2;ACAA1	152	KEGG_2021_Human
ErbB signaling pathway	18/85	0.174613699363662	0.354880738669794	1.33035658527446	2.32171061091994	GAB1;NRG1;EREG;PIK3CB;TGFA;AREG;PAK1;MAP2K1;PRKCA;PTK2;CRK;GRB2;HBEGF;SRC;CDKN1A;EIF4EBP1;CBL;ABL2	154	KEGG_2021_Human
Fatty acid degradation	10/43	0.175179982464389	0.354880738669794	1.50006324424929	2.61302221129537	ACSL3;ALDH7A1;ACOX1;HADHA;ACADVL;EHHADH;ECHS1;ALDH1B1;ALDH2;ACAA1	155	KEGG_2021_Human
GnRH secretion	14/64	0.178067072296802	0.357894793073375	1.38629253731343	2.39217945568886	GABBR1;PIK3CB;ITPR2;GPER1;KISS1R;MAP2K1;PRKCA;GNAQ;PLCB2;PLCB3;ARRB2;CACNA1G;ARRB1;KCNN1	156	KEGG_2021_Human
Fructose and mannose metabolism	8/33	0.178947396536688	0.357894793073375	1.58388557806913	2.72533392880973	TIGAR;TPI1;SORD;PFKL;ALDOA;PFKFB3;AKR1B1;HK2	157	KEGG_2021_Human
Notch signaling pathway	13/59	0.182294245500737	0.362280968906527	1.3991280993344	2.38150233840961	PSENEN;NCOR2;MAML3;APH1A;HES1;NUMBL;JAG1;ADAM17;NOTCH4;CTBP2;PSEN1;PSEN2;RBPJ	158	KEGG_2021_Human
Insulin secretion	18/86	0.188121204741307	0.369503558190908	1.31071340670159	2.18976801766853	ATP1B3;ATP1B1;RAPGEF4;ADCY4;ADCY9;ATP1A1;ADCY7;CREB3L4;PRKCA;GNAQ;PLCB2;PLCB3;CREB5;RAB3A;KCNMB1;KCNN1;TRPM4;PRKACA	159	KEGG_2021_Human
Hepatocellular carcinoma	33/168	0.188282067867979	0.369503558190908	1.21092097801795	2.02201289834022	TGFB2;WNT5A;RB1;ACTB;FRAT1;FRAT2;CCND1;FZD2;FZD1;FZD5;GADD45B;MAP2K1;GADD45A;FZD7;PRKCA;GRB2;ACTG1;MGST2;MGST3;HMOX1;GSTM4;GSTM2;TXNRD1;GAB1;TGFBR1;PIK3CB;NFE2L2;TGFA;GSTO1;CDKN1A;CTNNB1;GSTP1;PTEN	160	KEGG_2021_Human
Drug metabolism	22/108	0.192706232030136	0.375836999114674	1.26682254046456	2.08593525375205	UPB1;TYMP;HPGDS;UCK2;HPRT1;TPMT;MGST2;MGST3;ALDH3B1;GSTM4;GSTM2;NME4;NME1;NME2;RRM2B;TK2;GSTO1;IMPDH1;IMPDH2;GSTP1;UPP1;GUSB	161	KEGG_2021_Human
Vitamin digestion and absorption	6/24	0.20543724741815	0.398193183267278	1.64959301171332	2.61067007849015	SLC46A1;PLB1;TCN2;SLC19A1;SCARB1;SLC19A2	162	KEGG_2021_Human
Retrograde endocannabinoid signaling	29/148	0.21055473657633	0.404656760813255	1.20694190719766	1.88042711235815	ADCY4;ADCY9;ADCY7;GNG5;NDUFV3;PRKCA;GNB1;GNAQ;GNB2;GNB4;FAAH;GNG10;PRKACA;GNAO1;NDUFS4;MGLL;DAGLA;DAGLB;NDUFB5;ITPR2;NDUFB2;ABHD6;GNGT2;PLCB2;PLCB3;NDUFA12;GNAI1;GNAI2;PTGS2	163	KEGG_2021_Human
Estrogen signaling pathway	27/137	0.211349390998006	0.404656760813255	1.21557741030321	1.88930223536312	HSPA1A;FKBP4;ADCY4;ADCY9;ADCY7;CREB3L4;PRKCD;MAP2K1;GNAQ;GRB2;CREB5;PRKACA;GABBR1;HSPA6;MMP9;PIK3CB;GNAO1;RARA;ITPR2;TGFA;GPER1;HBEGF;PLCB2;PLCB3;SRC;GNAI1;GNAI2	164	KEGG_2021_Human
Arrhythmogenic right ventricular cardiomyopathy	16/77	0.214315019709409	0.407847976901542	1.29854868088607	2.00016530028498	ITGA5;ACTN2;CACNA2D4;CACNA2D3;ITGA9;PKP2;DSC2;LMNA;ACTB;ITGB5;CTNNB1;ACTG1;SLC8A1;CTNNA1;ITGB8;ITGAV	165	KEGG_2021_Human
Glycerolipid metabolism	13/61	0.21660308863378	0.409719095367512	1.3406694519049	2.05080689076533	GK;AKR1A1;GLA;MGLL;MOGAT1;AGPAT1;AGPAT3;MBOAT2;ALDH7A1;AKR1B1;ALDH1B1;ALDH2;GPAT3	166	KEGG_2021_Human
Protein processing in endoplasmic reticulum	33/171	0.218655863524998	0.411125396088918	1.18438124078159	1.80056290614888	DNAJB11;DNAJB12;HSPA1A;SEC24D;PPP1R15A;UBE2D4;UBE2D1;RRBP1;RNF5;PDIA3;EDEM1;DDOST;HSPA4L;BAG1;SIL1;SEC13;HSPA6;SSR3;EIF2AK4;DNAJC3;CALR;NFE2L2;RPN2;SEC61B;SSR1;UBXN6;DNAJC5B;CANX;P4HB;SEC23B;OS9;FBXO6;UGGT2	167	KEGG_2021_Human
Non-small cell lung cancer	15/72	0.220811832934221	0.412707830603246	1.30274551712216	1.96772463816898	PIK3CB;RB1;TGFA;FHIT;FOXO3;RXRA;CASP9;CCND1;GADD45B;MAP2K1;GADD45A;PRKCA;GRB2;CDKN1A;RASSF5	168	KEGG_2021_Human
Cushing syndrome	30/155	0.226652662390364	0.421117964441267	1.18855428914217	1.76421457892906	WNT5A;RB1;ADCY4;AHR;ADCY9;ADCY7;CREB3L4;CCND1;PDE8A;FZD2;FZD1;FZD5;MAP2K1;FZD7;NCEH1;GNAQ;CREB5;CACNA1G;NR4A1;PRKACA;ITPR2;RAP1A;PLCB2;PLCB3;FH;CDKN1A;CTNNB1;GNAI1;GNAI2;SCARB1	169	KEGG_2021_Human
Ovarian steroidogenesis	11/51	0.229516480496172	0.423930440445871	1.36113927825828	2.00329816805986	ADCY4;ADCY9;ADCY7;ALOX5;INSR;PLA2G4C;PLA2G4A;AKR1C3;PTGS2;SCARB1;PRKACA	170	KEGG_2021_Human
PI3K-Akt signaling pathway	65/354	0.236297017008021	0.433705780541789	1.11447738698211	1.60781832037443	EREG;LPAR6;COL9A2;EPHA2;CREB3L4;GNG5;INSR;PRKCA;PTK2;GRB2;PDGFC;LPAR3;PDGFB;LPAR5;LPAR1;GNG10;VEGFA;TLR2;SGK3;SGK1;TGFA;AREG;GNGT2;SYK;PHLPP1;CDKN1A;RAC1;JAK2;OSM;FOXO3;RXRA;CCND1;MAP2K1;NFKB1;GNB1;RHEB;GNB2;GNB4;CREB5;IL7R;CSF1R;EIF4EBP1;NR4A1;IL6R;ITGA5;LAMB3;G6PC3;PIK3CB;IL3RA;ITGA9;EIF4E2;YWHAG;YWHAE;PIK3R5;PIK3R6;CASP9;EIF4E;YWHAH;CDC37;FLT1;FLT3;ITGB5;PTEN;ITGB8;ITGAV	171	KEGG_2021_Human
Inositol phosphate metabolism	15/73	0.237571319277668	0.433705780541789	1.28020716425902	1.84002563796093	TPI1;IPMK;ITPK1;OCRL;PIK3CB;PLCD1;PLCB2;PLCB3;MTMR14;PTEN;PIK3C2A;INPP5B;IMPA2;PIP5K1C;INPP5J	172	KEGG_2021_Human
Hepatitis B	31/162	0.242619205729088	0.440360870514067	1.17184619225281	1.65964137181411	TGFB2;TICAM2;RB1;TNF;CREB3L4;STAT6;EGR2;EGR3;MAP2K3;ATP6AP1;MAP2K1;PRKCA;NFKB1;MYD88;HSPG2;GRB2;CREB5;APAF1;MMP9;TYK2;TGFBR1;TLR2;NFKBIA;PIK3CB;TLR3;CXCL8;CASP9;SRC;CDKN1A;BID;JAK2	173	KEGG_2021_Human
Melanogenesis	20/101	0.24637790650444	0.443016490569123	1.22238466536712	1.71242488493969	WNT5A;MITF;ADCY4;ADCY9;ADCY7;CREB3L4;FZD2;FZD1;FZD5;MAP2K1;FZD7;PRKCA;GNAQ;PRKACA;GNAO1;PLCB2;PLCB3;CTNNB1;GNAI1;GNAI2	174	KEGG_2021_Human
Hypertrophic cardiomyopathy	18/90	0.24690409506241	0.443016490569123	1.23759713090257	1.73109554222074	MYBPC3;TGFB2;ITGA5;TPM4;TPM3;TPM2;CACNA2D4;CACNA2D3;ITGA9;TNF;LMNA;ACTB;ITGB5;ACTG1;PRKAG1;SLC8A1;ITGB8;ITGAV	175	KEGG_2021_Human
Starch and sucrose metabolism	8/36	0.250451189523808	0.44682769040043	1.41392814575175	1.95757111713973	MGAM;GAA;GANC;G6PC3;GBE1;HK2;ENPP1;PGM2	176	KEGG_2021_Human
Vitamin B6 metabolism	2/6	0.266915462257203	0.472111780001186	2.47352766210589	3.26709294822053	PDXK;PNPO	177	KEGG_2021_Human
Insulin resistance	21/108	0.267630244714048	0.472111780001186	1.19491062126729	1.57507016286069	PTPN1;SLC27A1;PPP1R3B;TNF;CREB3L4;PPARGC1B;SREBF1;INSR;PRKCD;NFKB1;CREB5;TNFRSF1A;NFKBIA;G6PC3;PIK3CB;SOCS3;MLX;PTEN;PRKAG1;RPS6KA1;RPS6KA2	178	KEGG_2021_Human
Glioma	15/75	0.27252321930322	0.476338509188188	1.23738429381905	1.6086385101448	PIK3CB;CAMK1;RB1;TGFA;CCND1;CAMK1D;GADD45B;MAP2K1;GADD45A;PRKCA;GRB2;CAMK1G;CDKN1A;PDGFB;PTEN	179	KEGG_2021_Human
Prion disease	50/273	0.275937289335583	0.476338509188188	1.11045408661718	1.42980030691017	HSPA1A;CREB3L4;PRKCD;COX7A2L;C5;PRKACA;ATP5F1E;IL1A;IL1B;ATP5PD;ATP5PB;COX6B1;PSMA6;C1QC;C1QB;C1QA;COX5A;RYR1;NDUFA12;ATP5F1A;ATP5F1B;PSMB5;ATP5F1C;TUBA1B;RAC1;SDHB;PPIF;TNF;TUBB6;NDUFV3;CYBB;CYBA;CREB5;NCF2;ATP5MC3;ATP5MC2;CYC1;HSPA6;APAF1;PIK3CB;NDUFS4;NDUFB5;ITPR2;NDUFB2;CASP9;UQCRHL;VDAC2;VDAC1;SLC25A6;SLC25A5	180	KEGG_2021_Human
FoxO signaling pathway	25/131	0.276009684243131	0.476338509188188	1.16759056773297	1.50306190274831	TGFB2;HOMER2;HOMER1;FOXO3;CCND1;INSR;GABARAPL2;GADD45B;MAP2K1;GADD45A;GRB2;IL7R;GABARAP;IL10;TGFBR1;G6PC3;PIK3CB;CCNG2;SGK3;SGK1;SOD2;CAT;CDKN1A;PTEN;PRKAG1	181	KEGG_2021_Human
Aldosterone-regulated sodium reabsorption	8/37	0.276094295134555	0.476338509188188	1.36508980313181	1.75688808059768	INSR;ATP1B3;PRKCA;ATP1B1;PIK3CB;SGK1;NEDD4L;ATP1A1	182	KEGG_2021_Human
Small cell lung cancer	18/92	0.278773127921865	0.478332033701997	1.20400316634626	1.53794185994426	APAF1;LAMB3;NFKBIA;PIK3CB;RB1;FHIT;RXRA;CASP9;CCND1;GADD45B;GADD45A;TRAF1;NFKB1;PTK2;CDKN1A;PTEN;PTGS2;ITGAV	183	KEGG_2021_Human
Insulin signaling pathway	26/137	0.280974606656684	0.479489274403254	1.15959278631537	1.47209258444169	PTPN1;PPP1R3B;SH2B2;SREBF1;INSR;MAP2K1;RHEB;GRB2;EIF4EBP1;PRKAR2B;FLOT1;PRKACA;RHOQ;G6PC3;PIK3CB;RAPGEF1;EIF4E2;HK2;SOCS3;MKNK1;EIF4E;SORBS1;CRK;TRIP10;PRKAG1;CBL	184	KEGG_2021_Human
Salivary secretion	18/93	0.295219571895271	0.501075381487108	1.18787806335923	1.4492538678607	GUCY1A1;ATP1B3;ATP1B1;LYZ;ITPR2;ADCY4;ADRB3;ADCY9;ATP1A1;ADCY7;PRKCA;ATP2B1;GNAQ;PLCB2;PLCB3;GUCY1B1;CST3;PRKACA	185	KEGG_2021_Human
Adrenergic signaling in cardiomyocytes	28/150	0.303222520686818	0.51036963255455	1.13612061170736	1.35571949162305	TPM4;TPM3;TPM2;CACNA2D4;CACNA2D3;ATP1B3;ATP1B1;ADCY4;ADCY9;ATP1A1;ADCY7;CREB3L4;PRKCA;GNAQ;CREB5;PRKACA;SCN1B;SCN4B;RAPGEF4;PIK3R5;PIK3R6;ATP2B1;KCNQ1;PLCB2;PLCB3;GNAI1;SLC8A1;GNAI2	186	KEGG_2021_Human
Ether lipid metabolism	10/49	0.303946246139175	0.51036963255455	1.26882558904026	1.51104999600701	CHPT1;PAFAH1B2;PLD2;PLD4;PLA2G12A;PLA2G4C;PLA2G4A;LPCAT2;PLB1;ENPP2	187	KEGG_2021_Human
PD-L1 expression and PD-1 checkpoint pathway in cancer	17/89	0.322911686076705	0.537738368197947	1.16849251402583	1.32083637412608	TICAM2;TLR2;NFKBIA;CD4;PIK3CB;NFKBIE;PTPN6;BATF3;MAP2K3;IFNGR1;IFNGR2;MAP2K1;NFKB1;MYD88;CD274;PTEN;JAK2	188	KEGG_2021_Human
Hippo signaling pathway	30/163	0.324067532353669	0.537738368197947	1.11652105669092	1.25809966894377	TGFB2;WNT5A;SERPINE1;AMOT;ACTB;PAK1;CCND1;CDH1;FZD2;FZD1;FZD5;FZD7;MOB1A;LATS2;MOB1B;DLG4;ACTG1;RASSF2;RASSF4;TP53BP2;TGFBR1;ID2;YWHAG;YWHAE;AREG;STK3;YWHAH;ITGB2;CTNNB1;CTNNA1	189	KEGG_2021_Human
Thermogenesis	42/232	0.325383089036974	0.537738368197947	1.0943502645838	1.22868400879845	ACSL3;ADCY4;ADCY9;ADCY7;ACTB;CREB3L4;COX7A2L;GRB2;PRKACA;SIRT6;ATP5F1E;MGLL;ADRB3;ATP5MF;ATP5PD;ATP5PB;COX6B1;COX5A;NDUFA12;PRKAG1;ATP5F1A;ATP5F1B;ATP5F1C;SDHB;NDUFV3;MAP2K3;RHEB;CREB5;ACTG1;ATP5MC3;ATP5MC2;CYC1;COA4;AKT1S1;NDUFS4;ZNF516;NDUFB5;NDUFB2;UQCRHL;SLC25A29;RPS6KA1;RPS6KA2	190	KEGG_2021_Human
Various types of N-glycan biosynthesis	8/39	0.329232712883386	0.541251685054361	1.2768657003345	1.41858559168456	ALG14;ALG2;DDOST;HEXA;HEXB;RPN2;MAN2A2;MGAT1	191	KEGG_2021_Human
Systemic lupus erythematosus	25/135	0.331919486786326	0.542826660681803	1.12486046448311	1.24056681676235	ACTN1;CD86;CD80;TNF;HLA-DOB;HLA-DOA;HLA-DRB5;HLA-DRB1;C3;C5;IL10;FCGR2A;HLA-DQB1;HLA-DRA;CD40;HLA-DQA2;HLA-DQA1;HLA-DPB1;C1QC;C1QB;C1QA;HLA-DMB;FCGR1A;HLA-DPA1;HLA-DMA	192	KEGG_2021_Human
Pentose and glucuronate interconversions	7/34	0.343762063411984	0.559281284514834	1.28270391332649	1.36967834105213	AKR1A1;SORD;CRYL1;AKR1B1;RPE;GUSB;XYLB	193	KEGG_2021_Human
Growth hormone synthesis, secretion and action	22/119	0.349046233468692	0.564951120150357	1.12241573969535	1.18139968737287	ADCY4;ADCY9;ADCY7;CREB3L4;MAP2K3;MAP2K1;PRKCA;PTK2;GNAQ;GRB2;CREB5;PRKACA;PIK3CB;ITPR2;SOCS3;CRK;GHRL;PLCB2;PLCB3;GNAI1;GNAI2;JAK2	194	KEGG_2021_Human
PPAR signaling pathway	14/74	0.360106856913271	0.579864374721883	1.15454726368159	1.17920200491213	GK;ACSL3;SCD;ACOX1;SLC27A1;ILK;EHHADH;DBI;RXRA;SORBS1;PPARD;ACAA1;FADS2;OLR1	195	KEGG_2021_Human
Nicotinate and nicotinamide metabolism	7/35	0.373297562376351	0.59656262622851	1.23681858802502	1.21873558664233	SIRT6;NMNAT1;QPRT;NUDT12;NAMPT;ENPP1;NAPRT	196	KEGG_2021_Human
Adipocytokine signaling pathway	13/69	0.374276552124256	0.59656262622851	1.14859103892228	1.12878968620873	ACSL3;TNFRSF1A;NFKBIA;G6PC3;NFKBIE;TNF;ADIPOR1;SOCS3;RXRA;NFKB1;PRKAG1;LEPR;JAK2	197	KEGG_2021_Human
Choline metabolism in cancer	18/98	0.381176401506722	0.604491869056115	1.11329946204423	1.07376955466077	MAP2K1;PLA2G4C;PLA2G4A;PRKCA;RHEB;GRB2;SLC22A4;EIF4EBP1;PDGFC;PDGFB;PIP5K1C;LYPLA1;CHKA;PIK3CB;CHPT1;SLC44A1;PLD2;RAC1	198	KEGG_2021_Human
Cellular senescence	28/156	0.384961827645144	0.607427205430026	1.08247152278177	1.03333932954816	TGFB2;SQSTM1;RB1;SERPINE1;FOXO3;CCND1;CHEK2;MAP2K3;GADD45B;MAP2K1;GADD45A;NFKB1;RHEB;EIF4EBP1;RASSF5;TGFBR1;IL1A;MRAS;PIK3CB;CXCL8;ITPR2;RRAS;VDAC2;VDAC1;SLC25A6;SLC25A5;CDKN1A;PTEN	199	KEGG_2021_Human
Carbohydrate digestion and absorption	9/47	0.392530099830517	0.616272256733911	1.17171542866107	1.09572037645061	MGAM;ATP1B3;ATP1B1;G6PC3;PIK3CB;PLCB2;PLCB3;ATP1A1;HK2	200	KEGG_2021_Human
Riboflavin metabolism	2/8	0.400125207323969	0.621976807424387	1.64882014673805	1.51028258884699	ENPP1;BLVRB	201	KEGG_2021_Human
Sulfur relay system	2/8	0.400125207323969	0.621976807424387	1.64882014673805	1.51028258884699	TST;MPST	201	KEGG_2021_Human
Alzheimer disease	64/369	0.414580450503154	0.641272223930987	1.03843417784401	0.914329074089382	APP;FRAT1;FRAT2;SNCA;FZD2;FZD1;INSR;FZD5;FZD7;COX7A2L;PSENEN;ATP5F1E;IL1A;IL1B;ATP5PD;ATP5PB;COX6B1;PSMA6;ADAM17;PLCB2;PLCB3;COX5A;NDUFA12;CTNNB1;PTGS2;ATP5F1A;ATP5F1B;PSMB5;ATP5F1C;TUBA1B;BID;WNT5A;SDHB;PPIF;TNF;TUBB6;NDUFV3;MAP2K1;CYBB;NFKB1;GNAQ;ATP5MC3;PSEN1;PSEN2;AGER;ATP5MC2;CYC1;APAF1;TNFRSF1A;PIK3CB;NDUFS4;RTN3;RTN4;NDUFB5;ITPR2;NDUFB2;APH1A;CASP9;UQCRHL;VDAC2;VDAC1;SLC25A6;SLC25A5;GAPDH	203	KEGG_2021_Human
Folate biosynthesis	5/26	0.450105343927664	0.692654627671463	1.17771729114391	0.940140652401179	MOCOS;AKR1C3;QDPR;AKR1B1;PCBD1	204	KEGG_2021_Human
Pancreatic secretion	18/102	0.452210823798248	0.692654627671463	1.06002903253352	0.841246230988628	ATP1B3;ATP1B1;ADCY4;ADCY9;ATP1A1;ADCY7;PRKCA;GNAQ;RHOA;ITPR2;CA2;RAP1A;PLA2G12A;ATP2B1;KCNQ1;PLCB2;PLCB3;RAC1	205	KEGG_2021_Human
Viral carcinogenesis	35/203	0.465176949026406	0.705552364498676	1.03058976669671	0.788748903062894	SND1;ACTN1;RB1;ATP6V0D1;CREB3L4;EGR2;EGR3;GRB2;C3;RBPJ;PRKACA;LYN;RHOA;REL;SYK;CDKN1A;RAC1;GSN;CCND1;TRAF1;NFKB1;MAD1L1;CREB5;NFKBIA;PIK3CB;YWHAG;YWHAE;YWHAH;CDC42;PKM;LTBR;VAC14;HDAC3;SRC;HDAC9	206	KEGG_2021_Human
Vasopressin-regulated water reabsorption	8/44	0.466120770211114	0.705552364498676	1.09919215997881	0.839024933596916	DYNC1LI1;RAB5A;CREB5;RAB5C;ADCY9;CREB3L4;STX4;PRKACA	207	KEGG_2021_Human
Phosphatidylinositol signaling system	17/97	0.468070985880561	0.705552364498676	1.05113534508515	0.797953961650616	IPMK;OCRL;PLCD1;PRKCA;CDS1;INPP5B;PIP5K1C;ITPK1;PIK3CB;ITPR2;PLCB2;PLCB3;MTMR14;PTEN;PIK3C2A;PIP4P2;IMPA2	208	KEGG_2021_Human
Cholesterol metabolism	9/50	0.469619248981603	0.705552364498676	1.08578386827087	0.820671301463585	NPC2;ABCA1;SORT1;NCEH1;APOC2;VDAC2;VDAC1;TSPO;SCARB1	209	KEGG_2021_Human
Hedgehog signaling pathway	10/56	0.472616647217213	0.705861847447687	1.07528972544139	0.805898132582859	PTCH2;SMURF1;GPR161;SPOPL;GRK3;CCND1;SPOP;ARRB2;ARRB1;PRKACA	210	KEGG_2021_Human
Thiamine metabolism	3/15	0.47432117774351	0.705861847447687	1.23653674501636	0.922296399687882	TPK1;AK2;AK5	211	KEGG_2021_Human
Hepatitis C	27/157	0.482752578037408	0.712573763476135	1.02732071644268	0.748147356916782	CXCL10;RB1;TNF;CLDN1;RXRA;CCND1;MAP2K1;NFKB1;GRB2;APAF1;CFLAR;EIF2AK4;TYK2;TNFRSF1A;NFKBIA;PIK3CB;TLR3;YWHAG;YWHAE;SOCS3;CASP9;YWHAH;CLDN7;CDKN1A;CTNNB1;BID;SCARB1	212	KEGG_2021_Human
Calcium signaling pathway	41/240	0.483370100701964	0.712573763476135	1.01911453142934	0.740868406558867	ORAI3;PLCD1;ADCY4;ADCY9;ADCY7;PRKCA;PDGFC;PDGFB;HTR7;PRKACA;SPHK1;VEGFA;CAMK1;ADRB3;PLCB2;PLCB3;RYR1;PTAFR;PTGER3;SLC8A1;PPIF;CYSLTR2;CYSLTR1;GNAQ;CACNA1G;ADORA2B;ITPR2;HRH2;HRH1;CAMK1D;ATP2B1;MCOLN2;MCOLN1;P2RX7;VDAC2;VDAC1;SLC25A6;CAMK1G;SLC25A5;FLT1;GNA15	213	KEGG_2021_Human
T cell receptor signaling pathway	18/104	0.487681419041409	0.715569932612161	1.03525208857504	0.743407191233524	TEC;CD4;PTPN6;TNF;PAK1;MAP3K8;MAP2K1;NFKB1;GRB2;MAP3K14;RHOA;IL10;NFKBIA;PIK3CB;LCP2;NFKBIE;CDC42;MALT1	214	KEGG_2021_Human
Lysine degradation	11/63	0.497997500903936	0.72582746391237	1.04627314230655	0.729420014316673	SETDB2;TMLHE;PLOD1;EHHADH;ECHS1;PIPOX;ALDH7A1;HADHA;DHTKD1;ALDH1B1;ALDH2	215	KEGG_2021_Human
Renin secretion	12/69	0.499295325493859	0.72582746391237	1.04126366034418	0.723217509383565	CTSB;GUCY1A1;ITPR2;ADRB3;GNAQ;PLCB2;PLCB3;GUCY1B1;PTGER4;GNAI1;GNAI2;PRKACA	216	KEGG_2021_Human
Cardiac muscle contraction	15/87	0.502592407855973	0.727253530261639	1.03040708669254	0.708895098293279	TPM4;TPM3;TPM2;CACNA2D4;CACNA2D3;ATP1B3;ATP1B1;SLC9A7;ATP1A1;COX7A2L;COX6B1;UQCRHL;COX5A;SLC8A1;CYC1	217	KEGG_2021_Human
Propanoate metabolism	6/34	0.519374264818341	0.736642779182776	1.05981451544287	0.694316844022768	ACOX1;HADHA;EHHADH;ECHS1;LDHA;ACSS2	218	KEGG_2021_Human
Arginine biosynthesis	4/22	0.519495809956668	0.736642779182776	1.09907407407407	0.719779801727336	ACY1;GPT;GLUL;NAGS	219	KEGG_2021_Human
Type II diabetes mellitus	8/46	0.519701488463295	0.736642779182776	1.04121447838906	0.681475597552817	INSR;PRKCD;PKM;PIK3CB;TNF;CACNA1G;HK2;SOCS3	220	KEGG_2021_Human
Central carbon metabolism in cancer	12/70	0.520811136874447	0.736642779182776	1.02324911529915	0.667534778445004	TIGAR;SIRT6;PIK3CB;HK2;LDHA;SLC16A3;IDH1;MAP2K1;PKM;PFKL;FLT3;PTEN	221	KEGG_2021_Human
Prolactin signaling pathway	12/70	0.520811136874447	0.736642779182776	1.02324911529915	0.667534778445004	PIK3CB;TNFRSF11A;FOXO3;SOCS3;CCND1;SOCS7;SOCS6;MAP2K1;NFKB1;GRB2;SRC;JAK2	221	KEGG_2021_Human
Linoleic acid metabolism	5/29	0.552548568130398	0.769023412458543	1.03031656246899	0.61119815090598	PLA2G12A;PLA2G4C;PLA2G4A;ALOX15;PLB1	223	KEGG_2021_Human
Dopaminergic synapse	22/132	0.555205323876468	0.769023412458543	0.988988629563136	0.581938000071372	COMT;CREB3L4;GNG5;PRKCA;GNB1;GNAQ;GNB2;GNB4;CREB5;GNG10;PRKACA;GNAO1;ITPR2;GNGT2;DRD4;PLCB2;PLCB3;CLOCK;ARRB2;GNAI1;GNAI2;ARRB1	224	KEGG_2021_Human
Proximal tubule bicarbonate reclamation	4/23	0.556772674395154	0.769023412458543	1.04116541353383	0.609704641340125	ATP1B3;ATP1A1;ATP1B1;CA2	225	KEGG_2021_Human
Melanoma	12/72	0.562945452801663	0.769023412458543	0.989021479713604	0.568264585901139	MITF;PIK3CB;RB1;CCND1;CDH1;GADD45B;MAP2K1;GADD45A;CDKN1A;PDGFC;PDGFB;PTEN	226	KEGG_2021_Human
Human papillomavirus infection	55/331	0.562968703828667	0.769023412458543	0.985235698862566	0.566048688364415	ATP6V1E1;COL9A2;RB1;ATP6V0D1;MAML3;CREB3L4;HES1;HES4;FZD2;FZD1;JAG1;ATP6AP1;FZD5;FZD7;PTK2;GRB2;ATP6V1B2;RBPJ;ATP6V1C1;ATP6V0A1;PRKACA;TYK2;VEGFA;TLR3;ATP6V0E1;CDKN1A;CTNNB1;PTGER4;PTGS2;WNT5A;TNF;CCND1;ATP6V0C;ATP6V0B;MAP2K1;NFKB1;RHEB;CREB5;ATP6V1A;NOTCH4;EIF4EBP1;PSEN1;ATP6V1F;ATP6V1H;ITGA5;LAMB3;TNFRSF1A;PIK3CB;ITGA9;CDC42;PKM;ITGB5;PTEN;ITGB8;ITGAV	227	KEGG_2021_Human
Nitrogen metabolism	3/17	0.563297404030143	0.769023412458543	1.05976112551537	0.608247292667807	CA13;CA2;GLUL	228	KEGG_2021_Human
Primary bile acid biosynthesis	3/17	0.563297404030143	0.769023412458543	1.05976112551537	0.608247292667807	HSD3B7;HSD17B4;CH25H	228	KEGG_2021_Human
Selenocompound metabolism	3/17	0.563297404030143	0.769023412458543	1.05976112551537	0.608247292667807	TXNRD1;PAPSS1;PAPSS2	228	KEGG_2021_Human
Taurine and hypotaurine metabolism	2/11	0.57480661418954	0.777747295901324	1.09901513649283	0.608548439478394	GGT5;ADO	231	KEGG_2021_Human
Ubiquinone and other terpenoid-quinone biosynthesis	2/11	0.57480661418954	0.777747295901324	1.09901513649283	0.608548439478394	COQ2;VKORC1	231	KEGG_2021_Human
Human immunodeficiency virus 1 infection	35/212	0.577118216385377	0.777747295901324	0.977652303927309	0.537423441657491	AP1B1;CD4;GNG5;PRKCA;PTK2;GNG10;AP1S3;AP1S2;TLR2;CALR;GNGT2;GNAI1;GNAI2;RAC1;BID;TNF;PAK1;CFL1;PDIA3;MAP2K3;MAP2K1;NFKB1;MYD88;GNB1;GNAQ;GNB2;GNB4;TNFRSF1A;NFKBIA;PIK3CB;GNAO1;ITPR2;CASP9;CRK;SAMHD1	233	KEGG_2021_Human
Ascorbate and aldarate metabolism	5/30	0.584582346730254	0.781101518609786	0.989044358440012	0.530976004241446	AKR1A1;ALDH7A1;ALDH1B1;ALDH2;GUSB	234	KEGG_2021_Human
Citrate cycle (TCA cycle)	5/30	0.584582346730254	0.781101518609786	0.989044358440012	0.530976004241446	IDH1;IDH3G;SDHB;CS;FH	234	KEGG_2021_Human
Cocaine addiction	8/49	0.596112426839167	0.793132635709739	0.964853629465973	0.499143862995595	CREB3L4;NFKB1;DLG4;FOSB;CREB5;GNAI1;GNAI2;PRKACA	236	KEGG_2021_Human
Neomycin, kanamycin and gentamicin biosynthesis	1/5	0.601846385110221	0.79738297436544	1.2363960749331	0.627783866274079	HK2	237	KEGG_2021_Human
Chemical carcinogenesis	39/239	0.609622852892098	0.804292335328231	0.963915789473684	0.477056177606619	RB1;ADCY4;ADCY9;ADCY7;CREB3L4;JAG1;PAQR8;PRKCA;GRB2;MGST2;MGST3;PRKACA;GSTM4;GSTM2;VEGFA;ADRB3;HSD11B1;GSTO1;GSTP1;GNAI1;GNAI2;PTGS2;JAK2;AHR;HPGDS;RXRA;CCND1;MAP2K1;NFKB1;CREB5;EIF4EBP1;VDR;PIK3CB;KLF4;SRC;ARRB2;RPS6KA1;ARRB1;RPS6KA2	238	KEGG_2021_Human
IL-17 signaling pathway	15/94	0.631255720109084	0.826594682735124	0.938708324041562	0.431847354581609	MMP9;CXCL10;IL1B;NFKBIA;CXCL8;CXCL2;TNF;IL17RA;NFKB1;IL17RC;FOSL1;FOSB;CEBPB;PTGS2;CCL17	239	KEGG_2021_Human
Basal cell carcinoma	10/63	0.631792114192452	0.826594682735124	0.932876542793173	0.428372124832739	PTCH2;WNT5A;FZD2;FZD1;FZD5;GADD45B;GADD45A;FZD7;CDKN1A;CTNNB1	240	KEGG_2021_Human
Metabolism of xenobiotics by cytochrome P450	12/76	0.642334180860815	0.836900136059319	0.926983890214797	0.410326248519893	GSTM4;GSTM2;AKR7A2;HPGDS;HSD11B1;CBR3;GSTO1;CYP2S1;GSTP1;MGST2;MGST3;ALDH3B1	241	KEGG_2021_Human
AMPK signaling pathway	19/120	0.651508468865875	0.842371248861996	0.929908685935858	0.398433216761949	SCD;FOXO3;CREB3L4;CCND1;SREBF1;INSR;RHEB;CREB5;PFKFB3;EIF4EBP1;LEPR;STRADB;G6PC3;PIK3CB;AKT1S1;ADIPOR1;PFKL;RAB10;PRKAG1	242	KEGG_2021_Human
Parkinson disease	40/249	0.651898769023774	0.842371248861996	0.945825344457303	0.404686498643926	SNCA;COX7A2L;TXN;PRKACA;ATP5F1E;ATP5PD;ATP5PB;COX6B1;PSMA6;COX5A;NDUFA12;GNAI1;GNAI2;ATP5F1A;ATP5F1B;PSMB5;ATP5F1C;TUBA1B;SDHB;PPIF;TUBB6;NDUFV3;TXN2;ATP5MC3;ATP5MC2;CYC1;APAF1;NDUFS4;NFE2L2;NDUFB5;LRRK2;ITPR2;NDUFB2;CASP9;UQCRHL;VDAC2;VDAC1;SLC25A6;UBA52;SLC25A5	243	KEGG_2021_Human
Phenylalanine, tyrosine and tryptophan biosynthesis	1/6	0.668832569680824	0.853635585169891	0.989057389235801	0.397820166180753	IL4I1	244	KEGG_2021_Human
Phosphonate and phosphinate metabolism	1/6	0.668832569680824	0.853635585169891	0.989057389235801	0.397820166180753	CHPT1	244	KEGG_2021_Human
Bile secretion	14/90	0.669097880554777	0.853635585169891	0.910604870384918	0.36590372992657	ABCC4;ABCC3;ATP1B3;ATP1B1;ABCB4;ADCY4;ADCY9;ATP1A1;ADCY7;CA2;RXRA;NCEH1;SCARB1;PRKACA	246	KEGG_2021_Human
Huntington disease	49/306	0.671490412538099	0.853635585169891	0.942034497127196	0.375170458106067	CREB3L4;AP2S1;DNAH11;COX7A2L;RCOR1;ATP5F1E;CLTB;CLTA;ATP5PD;ATP5PB;COX6B1;PSMA6;PLCB2;PLCB3;HIP1;COX5A;NDUFA12;AP2A1;ATP5F1A;ATP5F1B;PSMB5;ATP5F1C;TUBA1B;SDHB;PPIF;SLC1A3;TUBB6;NDUFV3;DLG4;GNAQ;CREB5;ATP5MC3;ATP5MC2;TGM2;CYC1;GPX3;APAF1;NDUFS4;NDUFB5;NDUFB2;CASP9;DNAI2;SOD2;UQCRHL;VDAC2;VDAC1;SLC25A6;SLC25A5;POLR2E	247	KEGG_2021_Human
Glycosaminoglycan biosynthesis	8/53	0.687570144610641	0.870552521805408	0.878876969937757	0.329219777554237	HS3ST1;UST;XYLT1;DSE;CHST14;B3GALT6;CHST2;NDST1	248	KEGG_2021_Human
cAMP signaling pathway	34/216	0.692528996836103	0.873309658660788	0.923070323070323	0.339140808147859	MYL9;ADCY4;ADCY9;ADCY7;CREB3L4;PRKACA;RHOA;GABBR1;RAPGEF4;GIPR;RAP1A;RRAS;GHRL;PTGER3;GNAI1;GNAI2;RAC1;ATP1B3;ATP1B1;SUCNR1;ATP1A1;PAK1;MAP2K1;NFKB1;CREB5;HCAR2;ABCC4;AFDN;NFKBIA;PIK3CB;ACOX1;PLD2;PDE4A;ATP2B1	249	KEGG_2021_Human
RNA degradation	12/79	0.696495675780358	0.874798568780129	0.885316852491718	0.320213522986671	PABPC4;PABPC1;CNOT9;TENT4B;EXOSC5;EXOSC4;LSM4;PFKL;ENO1;ENO3;HSPD1;NUDT16	250	KEGG_2021_Human
Gastric cancer	23/149	0.707601034960453	0.884868937601089	0.902044345624112	0.311994456400806	TGFB2;WNT5A;RB1;FRAT1;FRAT2;RXRA;CCND1;CDH1;FZD2;FZD1;FZD5;GADD45B;MAP2K1;GADD45A;FZD7;GRB2;CDH17;GAB1;TGFBR1;PIK3CB;CDKN1A;CTNNB1;CTNNA1	251	KEGG_2021_Human
Long-term potentiation	10/67	0.710149593233995	0.884868937601089	0.867202293150886	0.296825685623104	ITPR2;RAP1A;MAP2K1;PRKCA;GNAQ;PLCB2;PLCB3;RPS6KA1;RPS6KA2;PRKACA	252	KEGG_2021_Human
Butanoate metabolism	4/28	0.716687164296683	0.887581438272133	0.824007936507936	0.274490100545464	HADHA;EHHADH;ECHS1;OXCT2	253	KEGG_2021_Human
Natural killer cell mediated cytotoxicity	20/131	0.717979889557713	0.887581438272133	0.890393982499246	0.294999741983021	TYROBP;ULBP1;PTPN6;TNF;PAK1;SH3BP2;MAP2K1;TNFRSF10B;PRKCA;GRB2;ICAM1;PIK3CB;LCP2;FCER1G;IFNGR1;IFNGR2;SYK;ITGB2;RAC1;BID	254	KEGG_2021_Human
Pathways of neurodegeneration	75/475	0.746176434509153	0.916621918615901	0.925585284280936	0.271005076662295	SNCA;FZD2;FZD1;GABARAPL2;DNAH11;FZD5;FZD7;PRKCA;GABARAP;WDR41;COX6B1;PSMA6;PLCB2;PLCB3;NDUFA12;PTGS2;PSMB5;TUBA1B;BID;SQSTM1;TNF;TUBB6;MAP2K3;MAP2K1;NFKB1;RAB5A;GPX3;APAF1;TNFRSF1A;NDUFB5;LRRK2;ITPR2;NDUFB2;SLC25A6;UBA52;SLC25A5;APP;FRAT1;FRAT2;COX7A2L;ATP5F1E;IL1A;IL1B;ATP5PD;ATP5PB;HIP1;COX5A;TOMM40;RYR1;CTNNB1;ATP5F1A;ATP5F1B;ATP5F1C;RAC1;WNT5A;SDHB;PPIF;NDUFV3;CYBB;DLG4;GNAQ;CHMP2B;ATP5MC3;PSEN1;PSEN2;AGER;ATP5MC2;CYC1;NDUFS4;CASP9;DNAI2;UQCRHL;CAT;VDAC2;VDAC1	255	KEGG_2021_Human
Tyrosine metabolism	5/36	0.747309589699588	0.916621918615901	0.797328313918313	0.232242391203285	FAHD1;GSTZ1;COMT;IL4I1;ALDH3B1	256	KEGG_2021_Human
Porphyrin and chlorophyll metabolism	6/43	0.752762153937635	0.919717184188394	0.801587173832558	0.227655539399163	HMBS;BLVRB;HCCS;UROD;HMOX1;GUSB	257	KEGG_2021_Human
N-Glycan biosynthesis	7/50	0.75869339285796	0.923371028517052	0.804642849720473	0.222208194125526	SRD5A3;ALG14;RPN2;ALG2;DDOST;MAN2A2;MGAT1	258	KEGG_2021_Human
Protein export	3/23	0.768716769851997	0.925388979500514	0.741565010413567	0.195055837277581	SEC11A;OXA1L;SEC61B	259	KEGG_2021_Human
Renin-angiotensin system	3/23	0.768716769851997	0.925388979500514	0.741565010413567	0.195055837277581	ATP6AP2;PRCP;NLN	259	KEGG_2021_Human
Alanine, aspartate and glutamate metabolism	5/37	0.769192750476542	0.925388979500514	0.772365287287883	0.202679225118735	ALDH4A1;GPT;DDO;IL4I1;GLUL	261	KEGG_2021_Human
Primary immunodeficiency	5/38	0.789600013089648	0.941264677664336	0.748915171362328	0.176915312974586	CD4;BTK;IL7R;CD40;CIITA	262	KEGG_2021_Human
Circadian rhythm	4/31	0.789829965898636	0.941264677664336	0.732319223985891	0.172781632617777	BHLHE40;BHLHE41;CLOCK;PRKAG1	263	KEGG_2021_Human
ABC transporters	6/45	0.791381767208231	0.941264677664336	0.760388509644019	0.177911741065076	ABCC4;ABCA1;ABCC3;ABCA6;ABCB4;ABCD1	264	KEGG_2021_Human
Phenylalanine metabolism	2/17	0.806270188801083	0.955354110503925	0.659171128296649	0.141943518511599	IL4I1;ALDH3B1	265	KEGG_2021_Human
Fatty acid biosynthesis	2/18	0.83153197791982	0.981582861153471	0.617935752528257	0.114000200471374	ACSL3;OXSM	266	KEGG_2021_Human
Glycosylphosphatidylinositol (GPI)-anchor biosynthesis	3/26	0.837409718960946	0.984818920425981	0.64472271451302	0.114400771438914	PIGA;PIGP;PIGZ	267	KEGG_2021_Human
Synthesis and degradation of ketone bodies	1/10	0.841513783659312	0.985952716675463	0.54934417021839	0.0947909217680382	OXCT2	268	KEGG_2021_Human
Cytosolic DNA-sensing pathway	8/63	0.853275194154836	0.996016397637987	0.71864774081699	0.114030111086628	IL18;CXCL10;IL1B;NFKBIA;PYCARD;CASP1;NFKB1;POLR2E	269	KEGG_2021_Human
Fat digestion and absorption	5/43	0.871136699410353	1	0.650177841149465	0.0896961742226905	PLA2G12A;ABCA1;SLC27A1;AGPAT1;SCARB1	270	KEGG_2021_Human
Wnt signaling pathway	23/166	0.872305865422461	1	0.793989907129686	0.10847105302171	CTNNBIP1;WNT5A;BAMBI;FRAT1;FRAT2;CCND1;SERPINF1;FZD2;SIAH1;FZD1;FZD5;FZD7;PRKCA;FOSL1;CTBP2;PSEN1;PRKACA;RHOA;PLCB2;PLCB3;PPARD;CTNNB1;RAC1	271	KEGG_2021_Human
Phototransduction	3/28	0.872744339786504	1	0.593073490032728	0.0807247856974724	PDE6G;GNB1;SLC24A1	272	KEGG_2021_Human
Breast cancer	20/147	0.8783003854418	1	0.777464868326866	0.10088898751681	WNT5A;RB1;FRAT1;FRAT2;CCND1;HES1;FZD2;FZD1;JAG1;FZD5;GADD45B;MAP2K1;GADD45A;FZD7;GRB2;NOTCH4;PIK3CB;CDKN1A;CTNNB1;PTEN	273	KEGG_2021_Human
Amyotrophic lateral sclerosis	53/364	0.893017752563972	1	0.840251874051321	0.0950735068857105	PFN1;ACTB;GABARAPL2;DNAH11;COX7A2L;GABARAP;WDR41;NUP62;SEC13;ATP5F1E;ATP5PD;ATP5PB;COX6B1;PSMA6;COX5A;TOMM40;NDUFA12;ATP5F1A;ATP5F1B;PSMB5;ATP5F1C;TUBA1B;RAC1;BID;SDHB;SQSTM1;TNF;TUBB6;NDUFV3;MAP2K3;CHMP2B;RAB5A;ACTG1;ATP5MC3;ATP5MC2;CYC1;GPX3;APAF1;NRG1;TNFRSF1A;NDUFS4;SEH1L;NDUFB5;NDUFB2;CASP9;CASP1;DNAI2;ANXA11;UQCRHL;CAT;ANG;VDAC1;NXT2	274	KEGG_2021_Human
Steroid hormone biosynthesis	7/61	0.90694778441987	1	0.640309359105904	0.0625392712739081	SRD5A3;COMT;HSD11B1;AKR1C3;DHRS11;HSD17B12;SRD5A1	275	KEGG_2021_Human
Progesterone-mediated oocyte maturation	12/100	0.928341880071652	1	0.673193751356043	0.0500554619387832	ADCY4;ADCY9;ADCY7;MAP2K1;SPDYA;MAD1L1;PRKACA;PIK3CB;GNAI1;GNAI2;RPS6KA1;RPS6KA2	276	KEGG_2021_Human
Signaling pathways regulating pluripotency of stem cells	18/143	0.933744007281933	1	0.710575014943216	0.0487120209032142	WNT5A;HOXA1;FZD2;FZD1;FZD5;MAP2K1;FZD7;INHBA;GRB2;HESX1;ZFHX3;PIK3CB;ID2;JARID2;SKIL;KLF4;CTNNB1;JAK2	277	KEGG_2021_Human
TGF-beta signaling pathway	11/94	0.934703561364846	1	0.654271125659812	0.0441802116870406	RHOA;TGFB2;SMURF1;TGFBR1;ZFYVE16;BAMBI;ID2;TNF;TGIF1;INHBA;HAMP	278	KEGG_2021_Human
Protein digestion and absorption	12/103	0.943803993237775	1	0.650882530357471	0.0376449423445993	ATP1B3;ATP1B1;COL9A2;PRCP;ATP1A1;SLC16A10;PGA3;KCNE3;SLC7A7;KCNQ1;COL8A2;SLC8A1	279	KEGG_2021_Human
Measles	17/139	0.946190776234963	1	0.687520510170596	0.038027490974996	HSPA1A;CCND1;NFKB1;MYD88;HSPA6;APAF1;EIF2AK4;TYK2;IL1A;TLR2;IL1B;NFKBIA;FCGR2B;PIK3CB;TLR7;CASP9;BID	280	KEGG_2021_Human
Maturity onset diabetes of the young	2/26	0.947998717735596	1	0.411758873686298	0.0219888006243877	HHEX;HES1	281	KEGG_2021_Human
Glucagon signaling pathway	12/107	0.959861349597073	1	0.623326215299585	0.0255354512958533	CREB3L4;GNAQ;CREB5;PRKACA;G6PC3;ITPR2;LDHA;PKM;PFKL;PLCB2;PLCB3;PRKAG1	282	KEGG_2021_Human
Herpes simplex virus 1 infection	70/498	0.960675316699701	1	0.804748367181338	0.0322855282777522	ZNF267;HLA-DRB5;HLA-DRB1;CFP;C3;C5;ZNF124;CARD9;HLA-DQB1;ZNF596;ZNF347;HLA-DQA2;HLA-DQA1;ZNF582;IFNGR1;IFNGR2;HLA-DPB1;ZNF577;ZNF573;HLA-DMB;HLA-DPA1;ZNF205;BID;HLA-DMA;JAK2;ZNF562;ZNF439;ZNF677;ZNF555;ZNF433;TNF;HLA-DOB;HLA-DOA;NFKB1;MYD88;RHEB;EIF4EBP1;ZNF768;ZNF763;ZNF641;ITGA5;APAF1;EIF2AK4;TNFRSF1A;ZFP69;PIK3CB;ZNF517;HLA-DRA;ZNF736;ZNF613;ZNF610;NECTIN2;SRC;ZNF846;ZNF717;ZNF823;TYK2;TLR2;IL1B;CALR;TLR3;SOCS3;SYK;CD74;PDIA3;ZNF93;PILRA;NFKBIA;CASP9;ZNF189	283	KEGG_2021_Human
Fanconi anemia pathway	5/54	0.961601205863441	1	0.503885388629998	0.0197298647758168	RMI1;HES1;ERCC1;EME2;REV3L	284	KEGG_2021_Human
Ribosome	19/158	0.962433672727751	1	0.674136206729684	0.0258127607325955	RPL22;RPS9;RPL23;RPL26;RPL26L1;RPL15;RPS2;RPS23;RPS24;RPL4;MRPL18;MRPL15;RPL8;MRPL3;RPS11;RPS13;RPS3A;RPL36A;UBA52	285	KEGG_2021_Human
ECM-receptor interaction	9/88	0.970716357276302	1	0.562217736610764	0.0167096550187052	ITGA5;LAMB3;COL9A2;ITGA9;AGRN;HSPG2;ITGB5;ITGB8;ITGAV	286	KEGG_2021_Human
Ubiquitin mediated proteolysis	16/140	0.970999098325907	1	0.636374147300266	0.0187283252490231	UBE2F;UBE2A;UBE2W;UBE2D4;UBE2D1;SIAH1;PIAS2;NEDD4L;RHOBTB1;SMURF1;SOCS3;UBE2Q2;UBE2E2;UBE2E1;UBA52;CBL	287	KEGG_2021_Human
Neuroactive ligand-receptor interaction	45/341	0.972707097601189	1	0.748454842308413	0.020711446222637	LPAR6;VIPR1;C3AR1;NPFFR1;LPAR3;C3;LPAR1;C5;HTR7;GALR2;GABBR1;NMU;GIPR;ADM;FPR1;ADRB3;FPR3;P2RY13;P2RY14;GPR35;GHRL;PTAFR;PTGER3;PTGER4;CHRNE;CHRNA10;TSPO;CYSLTR2;CYSLTR1;ADORA3;KISS1R;ADRA2B;CALCRL;LEPR;ADORA2B;OPRL1;HRH2;HRH1;P2RY6;P2RY2;P2RY1;DRD4;PTGIR;P2RX7;THRB	288	KEGG_2021_Human
Spinocerebellar ataxia	16/143	0.977255523597477	1	0.621228798013152	0.0142926868330023	PPIF;PRKCA;GNAQ;RBPJ;PIK3CB;KCNC3;ITPR2;PSMA6;VDAC2;VDAC1;PLCB2;SLC25A6;PLCB3;SLC25A5;RYR1;PSMB5	289	KEGG_2021_Human
Base excision repair	2/33	0.982461379706941	1	0.318646734854445	0.00563821313929116	APEX1;POLD4	290	KEGG_2021_Human
Terpenoid backbone biosynthesis	1/22	0.982645942372432	1	0.235263299491667	0.00411861446492645	FNTB	291	KEGG_2021_Human
Mannose type O-glycan biosynthesis	1/23	0.985568109248953	1	0.224555997080529	0.00326438027836969	B3GALNT2	292	KEGG_2021_Human
Mismatch repair	1/23	0.985568109248953	1	0.224555997080529	0.00326438027836969	POLD4	292	KEGG_2021_Human
Alcoholism	21/186	0.9866467753956	1	0.62707421205776	0.00842987188692607	CREB3L4;GNG5;MAP2K1;GNB1;GNB2;GNB4;GRB2;CREB5;GNG10;PRKACA;ADORA2B;GNAO1;GNGT2;FOSB;SLC29A1;SLC29A3;HDAC3;HDAC9;CAMKK1;GNAI1;GNAI2	294	KEGG_2021_Human
RNA transport	21/186	0.9866467753956	1	0.62707421205776	0.00842987188692607	CLNS1A;RPP25;CYFIP1;GEMIN4;PYM1;EIF4EBP1;AAAS;NUP62;EIF4EBP3;SEC13;PABPC4;PABPC1;EIF4E2;SEH1L;EIF4E;THOC6;THOC7;EIF4A3;EIF4A1;NXT2;SUMO3	294	KEGG_2021_Human
Basal transcription factors	3/45	0.987340897057096	1	0.35265864751137	0.0044928401677041	TAF13;TAF10;GTF2IRD1	296	KEGG_2021_Human
Proteasome	3/46	0.989048698642389	1	0.344436525674114	0.00379283454382103	PSMA6;POMP;PSMB5	297	KEGG_2021_Human
Oocyte meiosis	13/129	0.989145353134403	1	0.552485619321047	0.00602982161623845	ADCY4;ADCY9;ADCY7;MAP2K1;SPDYA;MAD1L1;PRKACA;YWHAG;YWHAE;ITPR2;YWHAH;RPS6KA1;RPS6KA2	298	KEGG_2021_Human
Nucleotide excision repair	3/47	0.990533394554828	1	0.336588136647643	0.00320152489668407	ERCC1;CETN2;POLD4	299	KEGG_2021_Human
Cell cycle	12/124	0.991659569507565	1	0.528170814865326	0.00442364527340916	TGFB2;RB1;CCND1;CHEK2;GADD45B;GADD45A;MAD1L1;YWHAG;YWHAE;YWHAH;CDKN1C;CDKN1A	300	KEGG_2021_Human
Taste transduction	7/86	0.993669445124085	1	0.437019943213312	0.00277537285572261	GABBR1;ADCY4;P2RY1;PLCB2;PLCB3;SCN9A;PRKACA	301	KEGG_2021_Human
Amphetamine addiction	5/69	0.994037136057116	1	0.385438374516225	0.00230519622201235	CREB3L4;PRKCA;FOSB;CREB5;PRKACA	302	KEGG_2021_Human
RIG-I-like receptor signaling pathway	5/70	0.99476821647301	1	0.379485652781276	0.00199059852964722	CXCL10;NFKBIA;CXCL8;TNF;NFKB1	303	KEGG_2021_Human
RNA polymerase	1/31	0.996699784475582	1	0.164595103578154	0.000544097630444849	POLR2E	304	KEGG_2021_Human
Retinol metabolism	4/68	0.99812239159972	1	0.308258928571429	0.000579333604927671	DHRS4;DHRS9;CYP2S1;PNPLA4	305	KEGG_2021_Human
Other types of O-glycan biosynthesis	2/47	0.998186256642353	1	0.219327120100469	0.000398164300412938	POGLUT1;XXYLT1	306	KEGG_2021_Human
mRNA surveillance pathway	7/98	0.998542628103862	1	0.379115968928301	0.000552915958516964	PYM1;WDR33;ETF1;PABPC4;PABPC1;EIF4A3;NXT2	307	KEGG_2021_Human
DNA replication	1/36	0.998688068830628	1	0.14103903827365	0.000185154992286509	POLD4	308	KEGG_2021_Human
Aminoacyl-tRNA biosynthesis	3/66	0.999470762394386	1	0.234808234510704	0.000124302243423944	GATB;MTFMT;NARS2	309	KEGG_2021_Human
Homologous recombination	1/41	0.999478601721547	1	0.123371989295272	6.43427183772569e-05	POLD4	310	KEGG_2021_Human
Ribosome biogenesis in eukaryotes	6/108	0.999891602875059	1	0.289633185019094	3.1397106252323e-05	RPP25;NHP2;EIF6;REXO5;NXT2;RMRP	311	KEGG_2021_Human
MicroRNAs in cancer	26/310	0.999995105132563	1	0.448476358450282	2.19523769591578e-06	VIM;ST14;PRKCA;GRB2;PDGFB;HMOX1;RHOA;VEGFA;SLC7A1;CDKN1A;PTGS2;TGFB2;CCND1;MAP2K1;NFKB1;FSCN1;BCL2L2;NOTCH4;PLAU;BMF;ITGA5;MMP9;PIK3CB;CRK;SPRY2;PTEN	312	KEGG_2021_Human
Spliceosome	7/150	0.999998854641295	1	0.240497363821761	2.75455906875019e-07	HSPA1A;TXNL4A;LSM4;PCBP1;HSPA6;PQBP1;EIF4A3	313	KEGG_2021_Human
Olfactory transduction	10/440	1	1	0.112368432000666	0	PRKACA;SLC8A1;SLC24A4;ARRB2;ARRB1;PDE2A;GNB1;RGS2;OR2B11;GRK3	314	KEGG_2021_Human
TNF-alpha Signaling via NF-kB	111/200	9.75016161681549e-36	4.87508080840775e-34	6.34407305961308	511.432394822105	IL23A;NINJ1;ATF3;SERPINE1;HES1;EGR2;EGR3;JAG1;ABCA1;GADD45B;GADD45A;KLF10;FOSL2;FOSL1;GPR183;ICAM1;IER2;IER5;IER3;DUSP5;DUSP2;SPHK1;IL18;VEGFA;IL1A;PTPRE;TLR2;IL1B;BHLHE40;CLCF1;ID2;REL;SGK1;LITAF;AREG;SOCS3;RIPK2;NFIL3;IFNGR2;G0S2;SERPINB8;FOSB;HBEGF;TRIP10;CDKN1A;PTGER4;PTGS2;NAMPT;OLR1;ICOSLG;ZBTB10;PNRC1;CXCL10;CXCL11;SQSTM1;CD83;CD80;PPP1R15A;TNF;ZFP36;CCND1;RNF19B;CCRL2;DENND5A;MAP3K8;PHLDA2;TGIF1;MAP2K3;INHBA;TRAF1;NFKB1;GEM;MAFF;NR4A3;RCAN1;NR4A2;MXD1;IL7R;PFKFB3;PLAU;SAT1;SLC2A6;ETS2;NR4A1;SNN;TIPARP;LAMB3;CFLAR;NFKBIA;BCL3;NFKBIE;NFE2L2;NFAT5;BCL2A1;TNFAIP8;CXCL2;TNFAIP2;DRAM1;PDLIM5;KDM6B;PLAUR;ATP2B1;KLF4;SOD2;KLF9;PTX3;TRIB1;CEBPB;CEBPD;PLEK;KYNU	1	MSigDB_Hallmark_2020
Inflammatory Response	92/200	4.6532830937065e-22	1.16332077342662e-20	4.30299737390202	211.360214750102	IL1R1;EREG;SGMS2;SERPINE1;C3AR1;NOD2;MSR1;ABCA1;FZD5;RNF144B;GPR183;CHST2;ICAM4;ICAM1;LPAR1;SCARF1;CD14;SCN1B;LYN;GABBR1;IL10;CCL22;IL15;SPHK1;EMP3;IL18;RHOG;IL1A;PTPRE;TLR2;IL1B;TLR1;MMP14;TLR3;CD40;MEFV;EBI3;ADM;FPR1;SLC7A1;RIPK2;TIMP1;CCR7;KIF1B;IFNGR2;HBEGF;CDKN1A;PTAFR;PTGER4;GPR132;NAMPT;CCL17;OLR1;ICOSLG;SLC31A2;OSM;SLC31A1;CXCL10;CXCL11;AXL;AHR;PVR;ATP2C1;BEST1;LAMP3;CCRL2;NLRP3;INHBA;CYBB;NFKB1;MXD1;IL7R;CALCRL;PSEN1;RGS1;CLEC5A;ITGA5;NFKBIA;ADORA2B;LCP2;CXCL8;CXCL9;PIK3R5;HRH1;IRAK2;P2RY2;PTGIR;PLAUR;ATP2B1;P2RX7;GNA15;ITGB8	2	MSigDB_Hallmark_2020
mTORC1 Signaling	68/200	2.3405448875692e-09	3.90090814594866e-08	2.57950867902324	51.262271794178	STARD4;ACSL3;PPA1;CCT6A;SCD;HMBS;MTHFD2;MTHFD2L;GLA;SKAP2;TES;FGL2;GLRX;EDEM1;MLLT11;LGMN;HPRT1;ENO1;TMEM97;CFP;IFI30;SERPINH1;TPI1;P4HA1;BHLHE40;CALR;ALDOA;SLC7A11;LDHA;SSR1;NFIL3;EGLN3;CANX;TOMM40;CDKN1A;GBE1;PSMB5;SERP1;NAMPT;FADS2;FADS1;PPIA;SQSTM1;FKBP2;PPP1R15A;SLC1A4;IDH1;MAP2K3;M6PR;QDPR;GCLC;BCAT1;INSIG1;DAPP1;SRD5A1;PSPH;ACTR3;ACTR2;TXNRD1;SORD;ETF1;PSMG1;HK2;PFKL;GAPDH;ITGB2;SEC11A;HSPD1	3	MSigDB_Hallmark_2020
Complement	67/200	6.07189556770614e-09	6.07189556770614e-08	2.5215472712719	47.7066531357216	ACTN2;LAP3;HSPA1A;PFN1;SERPINE1;PRCP;PRKCD;PLA2G4A;PLSCR1;LGMN;SERPING1;GRB2;PDGFB;C3;LGALS3;CTSB;DUSP5;LYN;ANXA5;SIRT6;RHOG;MMP12;MMP14;SERPINA1;CTSS;GNGT2;CTSO;CSRP1;CTSH;TIMP1;TIMP2;FCER1G;PRSS36;PDP1;MSRB1;C1QC;C1QA;GNAI2;CD59;OLR1;JAK2;GCA;ADAM9;STX4;SH2B3;ADRA2B;MAFF;GNB2;GNB4;NOTCH4;DOCK4;PSEN1;LCP2;CPM;CPQ;PIK3R5;CA2;CASP9;CASP1;PLAUR;ATOX1;ANG;CEBPB;SRC;PLEK;ITGAM;KYNU	4	MSigDB_Hallmark_2020
Allograft Rejection	67/200	6.07189556770614e-09	6.07189556770614e-08	2.5215472712719	47.7066531357216	EREG;CD4;ST8SIA4;SPI1;CD1D;CFP;ICAM1;MRPL3;CCR2;LYN;IL10;CCL22;IL15;IL18;NME1;TLR2;IL1B;TLR1;TLR6;TLR3;ACHE;IGSF6;CD40;CTSS;RIPK2;TIMP1;HLA-DQA1;IFNGR1;IFNGR2;HCLS1;CAPG;HLA-DMB;CCL19;HLA-DMA;ICOSLG;JAK2;CD74;TGFB2;RPS9;DEGS1;PTPN6;CD86;CD80;UBE2D1;GPR65;TNF;NLRP3;HLA-DOB;HLA-DOA;INHBA;LY86;BCAT1;DYRK3;SRGN;RPS3A;MMP9;FCGR2B;IRF4;BCL3;HLA-DRA;IRF8;LCP2;CXCL9;FGR;LTB;ITGB2;HDAC9	4	MSigDB_Hallmark_2020
IL-2/STAT5 Signaling	66/199	1.2326835195326e-08	9.62976647199919e-08	2.48315908023546	45.2220198744847	IL1R2;RRAGD;CYFIP1;IFITM3;AHNAK;FGL2;ST3GAL4;BATF3;GADD45B;CDCP1;PLSCR1;UCK2;RNH1;ENO3;ALCAM;IL10;ANXA4;EMP1;P4HA1;BHLHE40;ETFBKMT;TLR7;CTSZ;NFIL3;IFNGR1;GSTO1;SERPINB6;ADAM19;AHCY;CDKN1C;CAPG;ENPP1;PLAGL1;CXCL10;CD86;CD83;GPR65;AHR;DENND5A;MAP3K8;SWAP70;TRAF1;MAFF;MXD1;GUCY1B1;AGER;TGM2;GLIPR2;SCN9A;TNFRSF8;GPX4;NFKBIZ;TNFRSF21;IRF4;IL3RA;IRF8;PLEC;ARL4A;HK2;CA2;SYNGR2;MYO1E;TWSG1;LTB;SPRED2;ITGAV	6	MSigDB_Hallmark_2020
IL-6/JAK/STAT3 Signaling	37/87	1.41986335547996e-08	9.62976647199919e-08	3.68910129245567	66.6625034360465	PTPN1;PTPN2;IL1R1;IL1R2;TNFRSF12A;IL10RB;TYK2;TNFRSF1A;CXCL10;TLR2;CXCL11;IL1B;TNFRSF21;IL3RA;CRLF2;CXCL9;EBI3;PIK3R5;TNF;SOCS3;MAP3K8;IL17RA;IFNGR1;IFNGR2;MYD88;LTBR;LTB;GRB2;PDGFC;CSF2RA;CBL;CSF2RB;HMOX1;LEPR;A2M;CD14;IL13RA1	7	MSigDB_Hallmark_2020
Hypoxia	66/200	1.54076263551987e-08	9.62976647199919e-08	2.46447869808025	44.3320365783252	RRAGD;TES;ATF3;SERPINE1;GLRX;DTNA;PRKCA;FOSL2;CHST2;SDC2;NEDD4L;PDGFB;ENO1;ENO3;RBPJ;PLAC8;HMOX1;IER3;ANXA2;TPI1;AMPD3;VEGFA;P4HA1;P4HA2;BHLHE40;CCNG2;ALDOA;ADM;LDHA;CSRP2;NFIL3;GAA;CDKN1C;HEXA;CDKN1A;GBE1;GCNT2;NDST1;AKAP12;HS3ST1;PNRC1;ILVBL;TGFBI;PPP1R15A;FOXO3;ZFP36;HAS1;BNIP3L;B3GALT6;MAFF;PFKFB3;TGM2;FAM162A;TIPARP;GALK1;GRHPR;ADORA2B;TMEM45A;HK2;PLAUR;KLF7;NAGK;PFKL;GAPDH;PGM2;SCARB1	8	MSigDB_Hallmark_2020
Apoptosis	56/161	2.37858911775161e-08	1.3214383987509e-07	2.6652156388553	46.7856570456671	GSN;TGFB2;EREG;SQSTM1;APP;ATF3;IFITM3;SATB1;TNF;LMNA;PAK1;CCND1;EGR3;GADD45B;BNIP3L;GADD45A;PTK2;PPT1;BCL2L2;PSEN1;PSEN2;SAT1;LGALS3;ANKH;HMOX1;BMF;CD14;IER3;GPX3;GPX4;TNFRSF12A;CFLAR;EMP1;IL18;IL1A;DNAJC3;IL1B;DAP;ETF1;RARA;PEA15;HSPB1;CASP9;TIMP1;CASP1;TIMP2;IFNGR1;SOD2;VDAC2;PLCB2;CDKN1A;CTNNB1;GNA15;AIFM3;TSPO;BID	9	MSigDB_Hallmark_2020
Adipogenesis	64/200	9.27991374340524e-08	4.63995687170262e-07	2.35294117647059	38.1007729225627	ABCA1;GADD45A;TALDO1;SSPN;CD302;ITSN1;MGST3;MRPL15;C3;PRDX3;SLC19A1;DECR1;CS;CCNG2;ALDOA;MGLL;ECHS1;NKIRAS1;MAP4K3;IFNGR1;MCCC1;SORBS1;TKT;PTGER3;GBE1;ENPP2;CAVIN2;ATP1B3;SDHB;RAB34;PPP1R15B;PHLDB1;SLC27A1;UCP2;BCL2L13;ESRRA;IDH1;NABP1;DNAJC15;QDPR;REEP6;PFKFB3;CD151;AK2;PIM3;CYC1;GPX3;GPX4;ACOX1;ARL4A;RTN3;YWHAG;DHRS7B;AGPAT3;DNAJB9;RREB1;IDH3G;PFKL;CAT;TST;MTCH2;LTC4S;ALDH2;SCARB1	10	MSigDB_Hallmark_2020
KRAS Signaling Up	62/200	5.10821211381071e-07	2.32191459718669e-06	2.24474407254277	32.5201600076339	EREG;ADAMDEC1;SATB1;C3AR1;GLRX;TFPI;PLEK2;EPB41L3;ANKH;SCN1B;EMP1;PDCD1LG2;WDR33;IL1B;LAT2;ID2;TLR8;SDCCAG8;CTSS;MAP7;FCER1G;MPZL2;HSD11B1;TMEM176A;G0S2;TMEM176B;ADAM17;ENG;HBEGF;MTMR10;F13A1;PTGS2;AKAP12;GUCY1A1;CXCL10;CLEC4A;ADAM8;PLVAP;PPP1R15A;INHBA;TRAF1;MAFB;IL7R;PLAU;CSF2RA;BTBD3;MMP9;ETV5;LCP1;IRF8;LY96;CA2;EVI5;PLAUR;KLF4;SPRY2;TRIB1;ITGB2;USP12;HDAC9;CBL;IL1RL2	11	MSigDB_Hallmark_2020
Apical Junction	59/200	5.55867856254952e-06	2.31611606772897e-05	2.08840033905216	25.2699576686488	ACTN2;ACTN1;MYL9;PFN1;SKAP2;ACTB;PBX2;PTK2;VASP;ICAM4;ICAM5;ICAM1;EPB41L2;TSPAN4;TMEM8B;RRAS;MPZL1;RSU1;MAP3K20;MPZL2;CAP1;SYK;SORBS3;TJP1;ADAM15;GNAI1;GNAI2;CTNNA1;TGFBI;ZYX;ADAM9;CD86;CTNND1;NEXN;CDH1;STX4;TRAF1;ARPC2;FSCN1;VCL;CD276;CD274;INSIG1;ACTG1;CNN2;SIRPA;LAMB3;MMP9;BAIAP2;BMP1;PIK3CB;ITGA9;YWHAH;NEGR1;CLDN7;NECTIN4;NECTIN2;SRC;PTEN	12	MSigDB_Hallmark_2020
Cholesterol Homeostasis	28/74	1.21247828185128e-05	4.6633780071203e-05	3.0270566155771	34.267064996423	STARD4;GSTM2;CHKA;TNFRSF12A;ANXA5;PNRC1;SCD;ETHE1;ATF3;ANTXR2;CXCL16;NFIL3;ACSS2;S100A11;JAG1;PLAUR;PLSCR1;LGMN;ATF5;CTNNB1;ACTG1;TMEM97;GNAI1;LGALS3;ALCAM;FBXO6;GUSB;FADS2	13	MSigDB_Hallmark_2020
Interferon Gamma Response	57/200	2.43074238269035e-05	8.10247460896784e-05	1.98794462265887	21.121372379799	LAP3;MTHFD2;IDO1;IFITM3;FGL2;SLAMF7;ST8SIA4;PLA2G4A;LATS2;PLSCR1;VAMP8;SERPING1;SSPN;HLA-DRB1;IFI30;ICAM1;IL15;IL18BP;CD40;SECTM1;FPR1;SOCS3;RIPK2;HLA-DQA1;P2RY14;CDKN1A;PTGS2;NAMPT;HLA-DMA;JAK2;PTPN1;PTPN2;CD74;CXCL10;CXCL11;PTPN6;CD86;NFKB1;MYD88;CD274;LGALS3BP;CSF2RB;NFKBIA;IRF4;IRF5;IRF8;LCP2;ARL4A;CXCL9;TNFAIP2;CASP1;CIITA;LYSMD2;SOD2;SAMHD1;FCGR1A;UPP1	14	MSigDB_Hallmark_2020
Oxidative Phosphorylation	57/200	2.43074238269035e-05	8.10247460896784e-05	1.98794462265887	21.121372379799	ATP6V1E1;ATP6AP1;COX7A2L;MGST3;MRPL15;CYB5R3;PRDX3;PDK4;TIMM17A;ATP6V1C1;DECR1;ATP5F1E;CS;TIMM13;ECHS1;TIMM10;LDHA;ATP5MF;NQO2;ATP6V0E1;ATP5PD;ATP5PB;COX6B1;PDP1;HADHA;FH;COX5A;HCCS;ATP5F1A;ATP5F1B;ATP5F1C;SDHB;ATP1B1;IDH1;ATP6V0C;ATP6V0B;OXA1L;ATP5MC3;ATP5MC2;MPC1;ATP6V1F;CYC1;ACAA1;ATP6V1H;GPX4;NDUFS4;SLC25A3;NDUFB5;NDUFB2;IDH3G;SLC25A11;VDAC2;VDAC1;SLC25A6;SLC25A5;ACADVL;ETFA	14	MSigDB_Hallmark_2020
Notch Signaling	14/32	0.00032069771631758	0.00100218036349244	3.85824212271973	31.039602525711	FZD1;PSENEN;JAG1;FZD5;WNT5A;FZD7;PRKCA;PPARD;PSEN2;APH1A;ARRB1;CCND1;ST3GAL6;HES1	16	MSigDB_Hallmark_2020
UV Response Up	43/158	0.000667539359353103	0.00196335105692089	1.86010761556891	13.6009435752274	KLHDC3;PPIF;SQSTM1;FKBP4;GRINA;ATF3;AP2S1;PRKCD;SLC6A12;DLG4;PPT1;ICAM1;NR4A1;HTR7;UROD;HMOX1;ATP6V1F;ACAA1;ATP6V1C1;CYB5R1;PRKACA;LYN;GPX3;CHKA;NFKBIA;MMP14;AGO2;ALDOA;RRAD;CLTB;CXCL2;CA2;CREG1;SOD2;TST;FOSB;CDKN1C;DDX21;TCHH;ARRB2;HYAL2;BID;MGAT1	17	MSigDB_Hallmark_2020
TGF-beta Signaling	19/54	0.000849755460605484	0.00236043183501523	2.69416186205424	19.0492383308688	RHOA;SMURF1;TGFBR1;RAB31;NCOR2;ID2;BCAR3;SERPINE1;PPP1R15A;CDH1;SKIL;TGIF1;IFNGR2;KLF10;FKBP1A;TJP1;ENG;CDKN1C;CTNNB1	18	MSigDB_Hallmark_2020
Reactive Oxygen Species Pathway	17/49	0.00186541626063928	0.00436001038121608	2.63545712578428	16.5619269315683	GPX3;GPX4;TXNRD1;FES;GLRX;GLRX2;OXSR1;ATOX1;SOD2;MSRA;GCLC;CAT;FTL;LSP1;TXN;PRDX6;HHEX	19	MSigDB_Hallmark_2020
Estrogen Response Late	50/200	0.0020056047753594	0.00436001038121608	1.65821766244216	10.300532444377	UNC13B;HOMER2;GLA;MEST;EGR3;ST14;HPRT1;HSPA4L;PRKAR2B;DUSP2;ITPK1;MYOF;EMP2;NCOR2;NMU;ID2;SGK1;SERPINA1;AREG;FARP1;SLC29A1;PTGER3;SNX10;IMPA2;CKB;JAK2;RAB31;PPIF;FKBP4;PTPN6;SLC1A4;PAPSS2;ZFP36;CCND1;CDH1;OPN3;DNAJC12;BLVRB;NAB2;BAG1;ALDH3B1;SORD;CHPT1;CA2;NRIP1;GPER1;KLF4;TST;RPS6KA2;SCARB1	20	MSigDB_Hallmark_2020
Myogenesis	50/200	0.0020056047753594	0.00436001038121608	1.65821766244216	10.300532444377	ACTN2;SCD;APP;RB1;VIPR1;ADCY9;DTNA;GABARAPL2;ATP6AP1;GADD45B;MYLPF;SSPN;ENO3;MYBPC3;SPHK1;MRAS;BHLHE40;ACHE;FLII;MEF2A;SVIL;MEF2C;PICK1;GAA;SORBS1;SORBS3;FKBP1B;HBEGF;MAPRE3;RYR1;CDKN1A;CKB;GSN;CKM;TPM3;TPM2;PLXNB2;AGRN;PSEN2;BAG1;IGFBP7;GPX3;GNAO1;SYNGR2;PDLIM7;PDE4DIP;LSP1;ITGB5;TNNI2;EPHB3	20	MSigDB_Hallmark_2020
Xenobiotic Metabolism	50/200	0.0020056047753594	0.00436001038121608	1.65821766244216	10.300532444377	IL1R1;UPB1;NINJ1;SPINT2;EPHA2;SLC46A3;SERPINE1;SLC6A12;VNN1;CYP2S1;HPRT1;TMEM97;HMOX1;PDK4;GSTM4;SSR3;ID2;ABHD6;HSD11B1;GSTO1;TMEM176B;AKR1C3;PTGR1;PPARD;AHCY;GCNT2;TGFB2;COMT;NDRG2;CNDP2;PAPSS2;IDH1;PGD;GCLC;DDAH2;BCAT1;BLVRB;ETS2;ABCC3;PYCR1;TNFRSF1A;ACOX1;IRF8;CA2;PDLIM5;SMOX;CAT;ALDH2;KYNU;UPP1	20	MSigDB_Hallmark_2020
p53 Pathway	50/200	0.0020056047753594	0.00436001038121608	1.65821766244216	10.300532444377	NINJ1;EPHA2;APP;ATF3;RB1;EI24;S100A10;ST14;GADD45A;VAMP8;TCN2;HSPA4L;IFI30;HMOX1;IER5;IER3;SLC19A2;SPHK1;IL1A;PTPRE;RAP2B;TAX1BP3;RRAD;TGFA;SLC7A11;HINT1;HBEGF;CDKN1A;MAPKAPK3;PLXNB2;PPP1R15A;FOXO3;RXRA;RNF19B;MXD1;PROCR;SAT1;FAM162A;VDR;APAF1;TPRKB;BAIAP2;DRAM1;CASP1;KLF4;CEBPA;HDAC3;TCHH;GM2A;UPP1	20	MSigDB_Hallmark_2020
Estrogen Response Early	49/200	0.00341720071636516	0.00711916815909408	1.61370651164184	9.16413207633279	MED13L;GLA;ADCY9;HES1;EGR3;KLF10;CBFA2T3;UNC119;SLC19A2;ITPK1;MYOF;GAB2;NCOR2;BHLHE40;RARA;AREG;TMEM164;UGCG;SVIL;FARP1;LAD1;OLFML3;RRP12;DEPTOR;JAK2;MREG;RAB31;PPIF;FKBP4;SLC1A4;ASB13;PAPSS2;CCND1;SH3BP5;OPN3;BLVRB;MINDY1;TGM2;BAG1;ALDH3B1;TIPARP;CHPT1;NRIP1;P2RY2;ZNF185;KLF4;CLDN7;RPS6KA2;SCARB1	24	MSigDB_Hallmark_2020
Coagulation	36/138	0.00379731044893121	0.00759462089786243	1.75346436651584	9.77286743497776	GSN;ADAM9;SERPINE1;SH2B2;MAFF;PROC;GNB2;LGMN;SERPING1;CFI;PDGFB;PLAU;C3;A2M;CTSB;MMP9;MMP14;BMP1;ARF4;CPQ;SERPINA1;CASP9;CTSO;CSRP1;P2RY1;CTSH;TIMP1;KLF7;APOC2;ANG;MSRB2;C1QA;PLEK;THBD;RAC1;OLR1	25	MSigDB_Hallmark_2020
Androgen Response	27/100	0.00689217342996057	0.0132541796730011	1.83579295651496	9.13741857892352	GUCY1A1;ACSL3;HOMER2;ACTN1;ZBTB10;SCD;SEC24D;ZMIZ1;CCND1;INSIG1;SAT1;ANKH;RAB4A;ABCC4;NCOA4;SORD;SGK1;TNFAIP8;DBI;MAP7;DNAJB9;PDLIM5;HSD17B14;AKAP12;RRP12;ITGAV;FADS1	26	MSigDB_Hallmark_2020
Protein Secretion	25/96	0.0144750574156674	0.0250927703089406	1.74685429136665	7.39850139697029	OCRL;GLA;ERGIC3;SEC24D;SNAP23;NAPA;CLTA;ATP1A1;STX12;STX7;AP2S1;KIF1B;ABCA1;DST;M6PR;ARFGAP3;PPT1;SSPN;RAB5A;VAMP3;CD63;RAB22A;CLN5;SCRN1;ATP6V1H	27	MSigDB_Hallmark_2020
Epithelial Mesenchymal Transition	46/200	0.0145538067791856	0.0250927703089406	1.48378384725582	6.27626127987749	VIM;MYL9;SERPINE1;MEST;GADD45B;GADD45A;LGALS1;SERPINH1;IL15;TNFRSF12A;EMP3;VEGFA;MMP14;ID2;AREG;QSOX1;TIMP1;CAPG;FSTL3;CD59;TPM4;WNT5A;TPM2;PLOD1;TGFBI;PMP22;PPIB;FBLN2;PVR;BASP1;SLIT3;INHBA;GEM;SAT1;TGM2;GLIPR1;ITGA5;DAB2;BMP1;CXCL8;DST;PLAUR;COL8A2;PTX3;ITGB5;ITGAV	28	MSigDB_Hallmark_2020
Glycolysis	46/200	0.0145538067791856	0.0250927703089406	1.48378384725582	6.27626127987749	HOMER1;RRAGD;GLRX;TALDO1;ALDH7A1;CHST2;SDC2;TXN;ENO1;IER3;TPI1;AKR1A1;VEGFA;P4HA1;P4HA2;ALDOA;TGFA;LDHA;QSOX1;EGLN3;SRD5A3;GNPDA1;PPIA;PLOD1;TGFBI;PKP2;DSC2;FKBP4;AGRN;NDUFV3;SLC16A3;IDH1;B3GALT6;GCLC;FAM162A;IL13RA1;GALK1;ADORA2B;HK2;PKM;ANG;SLC25A13;RPE;PGLS;GUSB;PGM2	28	MSigDB_Hallmark_2020
Unfolded Protein Response	28/113	0.0196257609631476	0.0327096016052459	1.63432077867118	6.42437155439192	YIF1A;MTHFD2;NHP2;ATF3;ATP6V0D1;GEMIN4;SLC1A4;EXOSC5;BANF1;EXOSC4;EDEM1;NABP1;LSM4;EIF4EBP1;BAG3;VEGFA;DNAJC3;CALR;SSR1;DNAJB9;EIF4E;DNAJA4;EIF4A3;CEBPB;EIF4A1;SEC11A;FKBP14;SERP1	30	MSigDB_Hallmark_2020
Fatty Acid Metabolism	36/158	0.0318820906550304	0.0514227268629522	1.46423786254729	5.04534028749977	GSTZ1;XIST;HSD17B4;S100A10;IDH1;VNN1;REEP6;OSTC;CD1D;ENO3;IL4I1;PRDX6;LGALS1;UROD;GLUL;ACAA1;DECR1;GRHPR;ACOX1;ALDOA;MGLL;EHHADH;ECHS1;CA2;LDHA;YWHAH;CBR3;IDH3G;G0S2;APEX1;FH;ACADVL;HCCS;HSD17B11;LTC4S;PCBD1	31	MSigDB_Hallmark_2020
Mitotic Spindle	42/199	0.0661524768225087	0.102040849908598	1.32703037461126	3.60393973129983	STK38L;CCDC88A;NET1;TRIO;ITSN1;ABR;EPB41L2;ARHGEF2;RASAL2;KIF1B;MAP1S;FARP1;CLIP2;ARF6;AKAP13;OPHN1;GSN;ARHGAP27;ARL8A;GEMIN4;FGD4;ARHGAP10;CDC42EP4;CDC42EP2;FSCN1;MAP3K11;CDC42EP1;VCL;DOCK4;ARHGAP5;SAC3D1;CDC42BPA;HOOK3;YWHAE;CAPZB;PDLIM5;DST;CEP131;MID1IP1;CDC42;MYO1E;PALLD	32	MSigDB_Hallmark_2020
PI3K/AKT/mTOR  Signaling	24/105	0.0673469609396748	0.102040849908598	1.46861831891772	3.96218169184654	SQSTM1;PFN1;RALB;CFL1;MAP2K3;MYD88;ARPC3;GRB2;DAPP1;ACTR3;ACTR2;DUSP3;TNFRSF1A;AKT1S1;CALR;ITPR2;MKNK1;EIF4E;PLA2G12A;CDKN1A;PTEN;PRKAG1;RPS6KA1;RAC1	33	MSigDB_Hallmark_2020
Wnt-beta Catenin Signaling	11/42	0.0830953447903211	0.122199036456355	1.75726119122981	4.37165569560911	FZD1;JAG1;ADAM17;NCOR2;PPARD;NOTCH4;CTNNB1;PSEN2;GNAI1;RBPJ;FRAT1	34	MSigDB_Hallmark_2020
Angiogenesis	9/36	0.138711140661999	0.198158772374284	1.650173869846	3.25969015007932	JAG1;VEGFA;PTK2;TNFRSF21;APP;THBD;TIMP1;ITGAV;OLR1	35	MSigDB_Hallmark_2020
UV Response Dn	29/144	0.168632796427957	0.234212217261052	1.24922495274102	2.22366005406172	RUNX1;PMP22;SERPINE1;ATP2C1;TFPI;RXRA;ZMIZ1;SPOP;FZD2;PRKCA;NFKB1;SDC2;INSIG1;LPAR1;PRKAR2B;ANXA2;ANXA4;CDC42BPA;DAB2;ADORA2B;BHLHE40;MGLL;SLC7A1;DBP;PDLIM5;ATP2B1;TJP1;PTEN;SIPA1L1	36	MSigDB_Hallmark_2020
Pperoxisome	21/104	0.211428156852744	0.285713725476681	1.25279941182619	1.94668744975729	HSD3B7;HSD17B4;SIAH1;IDH1;DLG4;ACAA1;ACOX1;PABPC1;ABCB4;EHHADH;YWHAH;SOD2;ERCC1;SLC25A19;CAT;CLN8;HSD17B11;NUDT19;TSPO;ABCD1;FADS1	37	MSigDB_Hallmark_2020
heme Metabolism	38/200	0.228761730918534	0.301002277524387	1.16183752403436	1.71379666485409	CTNS;UBAC1;HMBS;SNCA;KDM7A;SLC22A4;ICAM4;MGST3;C3;ERMAP;ATP6V0A1;CTSB;NCOA4;P4HA2;IGSF3;ADIPOR1;SLC7A11;CLIC2;MOCOS;LMO2;RHCE;SIDT2;UCP2;FOXO3;MAP2K3;BNIP3L;PICALM;GCLC;BMP2K;BLVRB;UROD;FN3K;CA2;HEBP1;SMOX;MBOAT2;CAT;PGLS	38	MSigDB_Hallmark_2020
Hedgehog Signaling	8/36	0.250451189523808	0.321091268620267	1.41392814575175	1.95757111713973	VEGFA;ACHE;NRP2;RTN1;ETS2;AMOT;DPYSL2;OPHN1	39	MSigDB_Hallmark_2020
Interferon Alpha Response	18/97	0.36360958742728	0.4545119842841	1.1274599559648	1.14062254242636	CD74;CXCL10;CXCL11;LAP3;LPAR6;IFITM3;LAMP3;CCRL2;MVB12A;TENT5A;PLSCR1;PROCR;LGALS3BP;IFI30;NUB1;IL15;RIPK2;CASP1	40	MSigDB_Hallmark_2020
Myc Targets V2	11/58	0.383029339903898	0.467108951102315	1.15792780044546	1.11119810397988	DUSP2;SORD;DCTPP1;HK2;EXOSC5;PES1;AIMP2;TMEM97;HSPD1;RRP12;SLC19A1	41	MSigDB_Hallmark_2020
Apical Surface	8/44	0.466120770211114	0.554905678822754	1.09919215997881	0.839024933596916	LYN;PLAUR;SULF2;GHRL;APP;LYPD3;HSPB1;TMEM8B	42	MSigDB_Hallmark_2020
Bile Acid Metabolism	19/112	0.523081606006557	0.608234425589019	1.01038944339971	0.654750336838805	HSD3B7;HSD17B4;CH25H;RXRA;PIPOX;IDH1;ABCA1;ABCA6;SULT1B1;PAOX;BCAR3;TFCP2L1;CAT;SLC29A1;HSD17B11;NUDT12;ABCD1;FADS2;FADS1	43	MSigDB_Hallmark_2020
Myc Targets V1	33/200	0.577972388061099	0.656786804614885	0.976989880940611	0.53561436419944	RPL22;CLNS1A;AIMP2;HPRT1;PCBP1;PRDX3;NME1;PABPC4;PABPC1;LDHA;C1QBP;UBE2E1;PSMA6;APEX1;CANX;COX5A;PPIA;NHP2;RPS2;TXNL4A;EEF1B2;CYC1;NAP1L1;ETF1;SLC25A3;YWHAE;GLO1;EIF4E;IMPDH2;VDAC1;EIF4A1;DDX21;HSPD1	44	MSigDB_Hallmark_2020
DNA Repair	22/150	0.790856904895878	0.878729894328753	0.848986385397965	0.199204664147994	PDE6G;RALA;STX3;HPRT1;AAAS;SAC3D1;GSDME;GPX4;NME4;NME1;RRM2B;CETN2;SUPT4H1;TK2;TAF13;TAF10;ERCC1;IMPDH2;HCLS1;POLD4;POLR2E;REV3L	45	MSigDB_Hallmark_2020
Pancreas Beta Cells	5/40	0.826151338428737	0.897990585248627	0.70603495938417	0.134836652936588	LMO2;VDR;MAFB;STXBP1;SEC11A	46	MSigDB_Hallmark_2020
KRAS Signaling Dn	28/200	0.880092758414625	0.936268891930452	0.803413083486699	0.102618322044828	ENTPD7;CD207;MTHFR;CHST2;LYPD3;C5;KCNMB1;KCNN1;GPRC5C;SGK1;MEFV;CCDC106;TFCP2L1;GPR3;NR6A1;SLC29A3;RYR1;TGFB2;CKM;THNSL2;CD80;NR4A2;SNN;ITGB1BP2;MAGIX;SKIL;CAMK1D;THRB	47	MSigDB_Hallmark_2020
Spermatogenesis	13/135	0.993899712039302	0.999999982781138	0.525123403339351	0.003213214737958	CCT6B;CLPB;TALDO1;PIAS2;HSPA4L;ACRBP;ARL4A;PSMG1;ALOX15;SPATA6;OAZ3;MAP7;TULP2	48	MSigDB_Hallmark_2020
E2F Targets	12/200	0.999998861630232	0.999999982781138	0.313207738790433	3.56546423815761e-07	MTHFD2;CHEK2;NME1;CDKN1A;GINS4;CNOT9;DCLRE1B;AK2;IPO7;HMGA1;NAP1L1;DCTPP1	49	MSigDB_Hallmark_2020
G2-M Checkpoint	9/200	0.999999982781138	0.999999982781138	0.230967298944297	3.97699397937374e-09	UCK2;ATF5;RASAL2;SLC7A1;MAP3K20;CCND1;CHAF1A;HMGA1;BCL3	50	MSigDB_Hallmark_2020
